,p,P,y,Y,f,F,g,G,c,C,r,R,l,L,a,A,o,O,e,E,u,U,i,I,d,D,h,H,t,T,n,N,s,S,q,Q,j,J,k,K,x,X,b,B,m,M,w,W,v,V,z,Z,$,&,[,{,},(,=,*,),+,],!,#,~,%,7,5,3,1,9,0,2,4,6,8,`,;,",",.,/,@,\,:,<,>,?,^,|,-,',_,"""",	,"
", 
p,1878843.0,165059.0,907731.0,4810.0,114924.0,105920.0,48275.0,56708.0,470513.0,273534.0,3701808.0,148962.0,3052938.0,112176.0,4465821.0,141658.0,3139535.0,95966.0,8253026.0,116503.0,2747386.0,35318.0,1178851.0,200325.0,504536.0,145596.0,767126.0,48150.0,3961656.0,214284.0,144925.0,106323.0,831768.0,264742.0,14495.0,11005.0,3087.0,6007.0,50887.0,32723.0,41502.0,8607.0,144213.0,114839.0,77217.0,164013.0,109510.0,55401.0,100823.0,80195.0,9882.0,3740.0,272.0,15403.0,116881.0,4335.0,4601.0,611682.0,13139.0,23648.0,369338.0,23381.0,21344.0,1797.0,1233.0,17.0,656.0,3845.0,4792.0,37079.0,116769.0,4077.0,29226.0,106566.0,15785.0,11203.0,6835.0,2690.0,147107.0,313253.0,426965.0,40034.0,373.0,8388.0,383418.0,121269.0,163541.0,1512.0,283.0,902.0,260077.0,7911.0,1088510.0,202851.0,2878.0,97603.0,1010567.0
P,19760.0,301141.0,348839.0,110711.0,3839.0,56468.0,6962.0,23320.0,10976.0,307135.0,1762099.0,492847.0,337262.0,316249.0,1922075.0,407331.0,1134895.0,309438.0,277032.0,1060723.0,268109.0,268694.0,284635.0,326803.0,11047.0,89603.0,118347.0,75662.0,359518.0,292949.0,9907.0,34999.0,27068.0,143213.0,955.0,7609.0,867.0,2491.0,6932.0,18348.0,15566.0,16349.0,4849.0,33640.0,4602.0,38154.0,5207.0,18512.0,20504.0,39327.0,571.0,1424.0,55.0,1953.0,6894.0,238.0,747.0,123939.0,1274.0,2020.0,42485.0,1170.0,5124.0,174.0,144.0,3.0,217.0,8110.0,5673.0,23478.0,38711.0,11617.0,9457.0,54607.0,14635.0,18655.0,9329.0,158.0,16108.0,40744.0,27438.0,9108.0,54.0,852.0,29804.0,2475.0,6426.0,162.0,103.0,524.0,13132.0,2840.0,577426.0,10697.0,651.0,43687.0,118581.0
y,4170845.0,170448.0,83426.0,2281.0,59409.0,122471.0,32622.0,33067.0,84160.0,196595.0,215500.0,126012.0,274718.0,90031.0,97826.0,121573.0,369883.0,179638.0,483482.0,172998.0,12592.0,50637.0,120634.0,199278.0,69601.0,107866.0,5984.0,45762.0,563343.0,187207.0,510135.0,79267.0,928163.0,217179.0,1309.0,9333.0,1150.0,4243.0,3557.0,16905.0,318909.0,3956.0,111157.0,96437.0,342237.0,139189.0,40981.0,38322.0,37417.0,81842.0,36181.0,4569.0,255.0,36658.0,63418.0,7463.0,6912.0,1026059.0,17137.0,52888.0,444792.0,14892.0,26007.0,4639.0,463.0,12.0,606.0,1274.0,3037.0,13605.0,50202.0,1267.0,19135.0,45337.0,5747.0,2288.0,2171.0,5725.0,163732.0,456766.0,442757.0,60428.0,1539.0,19656.0,313260.0,77462.0,108964.0,3783.0,740.0,1658.0,175652.0,13043.0,991823.0,133411.0,1976.0,206356.0,2710961.0
Y,1038.0,276160.0,747.0,23264.0,482.0,9409.0,321.0,16790.0,1897.0,19706.0,860.0,45136.0,687.0,28223.0,13925.0,16756.0,64921.0,20774.0,20320.0,37961.0,11735.0,9858.0,19025.0,23740.0,4154.0,7146.0,1155.0,2321.0,862.0,88408.0,612.0,35752.0,1447.0,78502.0,493.0,1591.0,281.0,681.0,396.0,1655.0,336.0,19655.0,1264.0,17186.0,1830.0,27549.0,639.0,4783.0,431.0,3251.0,290.0,10312.0,50.0,322.0,4429.0,179.0,1743.0,78673.0,1246.0,2365.0,57829.0,1537.0,10754.0,337.0,176.0,2.0,180.0,298.0,376.0,1718.0,4640.0,1324.0,2488.0,4821.0,1159.0,405.0,1064.0,96.0,33813.0,104892.0,5448.0,1191.0,72.0,1188.0,15475.0,725.0,2642.0,80.0,54.0,1307.0,5554.0,2227.0,312651.0,11642.0,994.0,22161.0,250584.0
f,155458.0,74991.0,261506.0,6949.0,2859611.0,50024.0,72882.0,19272.0,124347.0,95487.0,1161049.0,64477.0,1239065.0,60939.0,2432366.0,48981.0,4325455.0,39919.0,1883489.0,45557.0,799817.0,23795.0,4194191.0,66776.0,298523.0,59505.0,13046.0,47389.0,733371.0,72315.0,192884.0,52805.0,856460.0,102565.0,4146.0,5689.0,1968.0,2909.0,6133.0,7375.0,107567.0,8745.0,78648.0,33898.0,83948.0,56550.0,39093.0,25322.0,30967.0,35222.0,2723.0,2862.0,10984.0,13491.0,51564.0,3236.0,16717.0,1415419.0,10400.0,13573.0,283703.0,4449.0,10447.0,510.0,184.0,36.0,1961.0,37061.0,30909.0,91691.0,71507.0,33816.0,68035.0,55823.0,36726.0,43047.0,82351.0,837.0,123778.0,754145.0,154743.0,18205.0,326.0,18099.0,137418.0,47658.0,20407.0,582.0,263.0,510.0,106239.0,10401.0,480785.0,62233.0,3813.0,367671.0,6631038.0
F,11599.0,83002.0,597.0,54369.0,2959.0,383560.0,1735.0,24676.0,5396.0,95065.0,745280.0,121202.0,581561.0,206786.0,431026.0,396448.0,876298.0,373044.0,239744.0,198531.0,505113.0,105644.0,1381542.0,420379.0,13415.0,86835.0,32414.0,7555.0,6842.0,150893.0,47643.0,40050.0,11285.0,96650.0,1875.0,2700.0,666.0,1911.0,681.0,4294.0,7389.0,58272.0,4657.0,62372.0,14058.0,46757.0,7057.0,38296.0,3086.0,13276.0,615.0,894.0,51.0,2988.0,2285.0,105.0,2017.0,199250.0,1182.0,2989.0,56527.0,540.0,3860.0,143.0,134.0,0.0,303.0,31450.0,38788.0,57265.0,63771.0,35480.0,53335.0,43883.0,39913.0,47382.0,60255.0,183.0,19638.0,286741.0,33030.0,2013.0,54.0,6015.0,27768.0,1331.0,7310.0,178.0,173.0,226.0,18537.0,4123.0,310316.0,13780.0,308.0,31032.0,229387.0
g,151838.0,189597.0,71702.0,2639.0,69544.0,99640.0,321249.0,17499.0,131842.0,139473.0,1095910.0,111206.0,825513.0,104931.0,505898.0,99290.0,585828.0,81884.0,7418844.0,96751.0,570456.0,39037.0,1775577.0,136907.0,32116.0,95052.0,1333617.0,31862.0,499784.0,166810.0,1379301.0,77266.0,1276781.0,179470.0,2455.0,6273.0,2667.0,4239.0,3930.0,15134.0,8449.0,4165.0,55432.0,76872.0,317314.0,99977.0,11844.0,33276.0,90430.0,63876.0,5222.0,5365.0,316.0,165081.0,43197.0,8232.0,3796.0,1074797.0,18539.0,30758.0,378975.0,5899.0,13175.0,3255.0,500.0,37.0,547.0,2174.0,4136.0,21143.0,77352.0,1699.0,23197.0,58706.0,10097.0,5599.0,4355.0,1266.0,111625.0,421650.0,510419.0,128651.0,1450.0,15126.0,417221.0,24046.0,184868.0,2762.0,2121.0,975.0,154211.0,7656.0,1047057.0,115765.0,3246.0,150917.0,2964483.0
G,28508.0,131632.0,2738.0,8067.0,11426.0,54010.0,849.0,33815.0,8250.0,105078.0,444261.0,152591.0,150890.0,408716.0,131845.0,76518.0,69476.0,84942.0,2250933.0,455185.0,268730.0,128188.0,23200.0,171168.0,3289.0,54328.0,3365.0,101830.0,9237.0,110296.0,4011.0,160110.0,7666.0,116112.0,698.0,1977.0,657.0,2117.0,561.0,3176.0,1365.0,4965.0,1337.0,81434.0,7529.0,57011.0,1080.0,10396.0,619.0,20355.0,852.0,2050.0,45.0,1129.0,2742.0,70.0,1032.0,169455.0,761.0,2057.0,64412.0,566.0,2930.0,856.0,91.0,5.0,205.0,818.0,1677.0,10939.0,18940.0,994.0,3020.0,18639.0,10882.0,2129.0,8953.0,105.0,18220.0,77458.0,51369.0,1069.0,39.0,2412.0,29789.0,401.0,3511.0,158.0,97.0,424.0,6652.0,2692.0,460638.0,10696.0,2028.0,44130.0,141961.0
c,460894.0,75948.0,314286.0,3281.0,104405.0,55022.0,26999.0,19735.0,953574.0,140015.0,1790722.0,65614.0,3749158.0,38722.0,5634018.0,63151.0,11783779.0,52010.0,7123983.0,45657.0,1507643.0,17587.0,966806.0,84121.0,114787.0,53948.0,4907574.0,25981.0,8176771.0,113801.0,83678.0,30083.0,525119.0,139392.0,29591.0,4496.0,8073.0,13190.0,4826615.0,18064.0,64828.0,5261.0,148037.0,71665.0,293295.0,65500.0,13771.0,24900.0,172358.0,36673.0,5470.0,2346.0,609.0,9676.0,62525.0,4825.0,5334.0,323441.0,14167.0,17136.0,372855.0,25143.0,21971.0,1018.0,744.0,22.0,1775.0,29653.0,29976.0,101422.0,98738.0,30362.0,78798.0,143095.0,75485.0,39475.0,34372.0,1672.0,99268.0,448217.0,321106.0,99663.0,310.0,9614.0,298748.0,29568.0,22070.0,662.0,270.0,1630.0,149002.0,13353.0,1335970.0,62838.0,2144.0,49572.0,1350010.0
C,150355.0,315111.0,28019.0,47044.0,10506.0,121196.0,2518.0,62700.0,10041.0,333281.0,554728.0,272241.0,865018.0,352076.0,1219342.0,641154.0,4754403.0,941363.0,142301.0,680155.0,405218.0,194129.0,42895.0,178271.0,10983.0,133433.0,1097899.0,909729.0,84368.0,1178646.0,20538.0,71778.0,21704.0,278389.0,1326.0,10186.0,532.0,7770.0,1370.0,820143.0,6831.0,51002.0,17079.0,197691.0,107907.0,146066.0,1872.0,99548.0,14099.0,95162.0,1203.0,7096.0,93.0,2216.0,6356.0,2983.0,1776.0,86400.0,2427.0,4409.0,88404.0,25692.0,4828.0,239.0,561.0,8.0,824.0,39764.0,43509.0,60964.0,68150.0,41099.0,55098.0,61675.0,50438.0,47993.0,41904.0,168.0,20034.0,91240.0,48427.0,5271.0,307.0,5302.0,47528.0,1860.0,7904.0,145.0,99.0,257.0,25303.0,7155.0,441555.0,47859.0,583.0,47075.0,186597.0
r,511996.0,318732.0,2224901.0,10121.0,561099.0,212573.0,2104468.0,67761.0,1724309.0,455949.0,3277703.0,204109.0,491080.0,165175.0,8948376.0,237099.0,7294414.0,188732.0,20462160.0,190575.0,2274370.0,83073.0,9249280.0,367050.0,1383114.0,255092.0,127512.0,89900.0,3995243.0,480357.0,4917470.0,161571.0,3271212.0,486520.0,26387.0,15184.0,5315.0,13139.0,747016.0,50168.0,37463.0,18668.0,175786.0,180847.0,1823814.0,246990.0,172612.0,88455.0,929870.0,132752.0,8228.0,6629.0,1178.0,114655.0,180785.0,19863.0,16119.0,2766560.0,65795.0,392334.0,1314790.0,36289.0,48963.0,14362.0,1065.0,155.0,1476.0,5030.0,10387.0,108305.0,122190.0,5091.0,46870.0,132007.0,31340.0,14019.0,9624.0,7564.0,561319.0,1051862.0,1269273.0,179553.0,2854.0,46151.0,1158243.0,1011784.0,301454.0,4137.0,1644.0,6745.0,692756.0,31354.0,2361146.0,218049.0,9604.0,316417.0,6472529.0
R,29223.0,241057.0,1843.0,146175.0,2374.0,72747.0,6549.0,206787.0,11963.0,192018.0,3845.0,566014.0,4393.0,137225.0,476729.0,705389.0,394863.0,843013.0,4169352.0,1521648.0,284389.0,325981.0,100427.0,683975.0,9437.0,183591.0,5822.0,46500.0,40345.0,870272.0,10533.0,233595.0,22942.0,316249.0,667.0,9187.0,520.0,2276.0,1076.0,63583.0,6507.0,9420.0,2736.0,63275.0,5772.0,221134.0,2388.0,44238.0,3717.0,80714.0,1292.0,1971.0,129.0,1164.0,7876.0,708.0,4015.0,207305.0,1827.0,9231.0,131358.0,1139.0,17347.0,494.0,268.0,47.0,392.0,2400.0,4969.0,21030.0,53710.0,3434.0,13866.0,30714.0,8572.0,6862.0,13688.0,249.0,59030.0,132959.0,22005.0,14033.0,106.0,1246.0,72407.0,2145.0,10118.0,166.0,564.0,1386.0,13694.0,3734.0,776663.0,49652.0,1676.0,58680.0,508041.0
l,872126.0,167554.0,1234852.0,5810.0,280086.0,128536.0,138689.0,58514.0,181583.0,266084.0,135780.0,179819.0,5290974.0,82211.0,5172734.0,160596.0,6467919.0,121058.0,11952613.0,131459.0,5125505.0,46385.0,6066930.0,173585.0,2114494.0,167451.0,90341.0,53469.0,2567980.0,285384.0,46069.0,108353.0,3165770.0,282642.0,6595.0,9763.0,3629.0,7270.0,124278.0,25390.0,18989.0,8563.0,378024.0,136775.0,97838.0,118050.0,76636.0,56032.0,438454.0,147145.0,9667.0,4292.0,313.0,20833.0,56407.0,11164.0,7022.0,865635.0,17923.0,73602.0,452105.0,11861.0,28766.0,2890.0,1733.0,34.0,545.0,1827.0,3248.0,23198.0,47018.0,1049.0,10898.0,242996.0,6774.0,4144.0,6533.0,3300.0,339685.0,403113.0,443529.0,135413.0,1142.0,16124.0,699751.0,114153.0,123204.0,3113.0,283.0,1502.0,252010.0,14345.0,1478753.0,131255.0,8245.0,172016.0,3169745.0
L,3163.0,90986.0,2263.0,72675.0,8010.0,81067.0,1604.0,32909.0,17180.0,92408.0,2437.0,55059.0,2468.0,1039388.0,656351.0,485804.0,1373672.0,802088.0,551234.0,933898.0,49508.0,234298.0,1407814.0,859754.0,14919.0,196023.0,3521.0,42483.0,9160.0,254684.0,5090.0,23305.0,27457.0,278747.0,523.0,4921.0,4877.0,2303.0,799.0,27672.0,2437.0,6261.0,8027.0,42331.0,2713.0,41948.0,1804.0,23267.0,7571.0,130774.0,1053.0,5031.0,260.0,5368.0,5739.0,391.0,5434.0,271124.0,1704.0,4379.0,299530.0,2490.0,6441.0,492.0,209.0,2.0,385.0,1838.0,4022.0,17679.0,34886.0,925.0,17378.0,89711.0,7683.0,3461.0,2630.0,203.0,187163.0,259514.0,30560.0,10815.0,71.0,1763.0,57963.0,1524.0,6399.0,289.0,166.0,1812.0,12551.0,10492.0,844017.0,73292.0,2440.0,36462.0,351017.0
a,3161673.0,74277.0,2158628.0,3288.0,378370.0,44436.0,3385120.0,21262.0,6047987.0,69930.0,10184074.0,54373.0,12531099.0,45888.0,200995.0,44107.0,47172.0,41794.0,80882.0,39279.0,1944290.0,13602.0,2672812.0,49121.0,4671772.0,66068.0,28853.0,14437.0,17567499.0,125557.0,8969875.0,36411.0,8000776.0,127916.0,30601.0,3288.0,60681.0,2017.0,1297850.0,7640.0,809195.0,4511.0,2658108.0,39467.0,6623582.0,50925.0,444620.0,13794.0,914980.0,25258.0,79735.0,2749.0,404.0,14642.0,136448.0,4044.0,4643.0,353681.0,10388.0,27621.0,283038.0,7940.0,10477.0,1303.0,339.0,46.0,657.0,28846.0,32947.0,55025.0,87617.0,29696.0,78003.0,73180.0,55106.0,33781.0,33547.0,964.0,101396.0,413508.0,357944.0,80702.0,995.0,12625.0,162390.0,39627.0,33607.0,801.0,902.0,1226.0,144965.0,17083.0,622541.0,78309.0,1827.0,82253.0,1752553.0
A,317453.0,309478.0,943.0,147962.0,78506.0,84375.0,57918.0,392905.0,685854.0,596006.0,1024367.0,1022376.0,615605.0,1185448.0,4088.0,170972.0,2407.0,15849.0,4786.0,63726.0,223281.0,151814.0,13669.0,243311.0,895450.0,450325.0,4383.0,8557.0,537914.0,1109889.0,461371.0,793233.0,505534.0,1076009.0,5302.0,6011.0,786.0,16372.0,2435.0,46176.0,41623.0,169970.0,108430.0,329101.0,125881.0,464404.0,34363.0,36168.0,66492.0,96030.0,8485.0,28318.0,143.0,1295.0,16002.0,361.0,1294.0,46614.0,1825.0,5269.0,40831.0,1839.0,5322.0,153.0,611.0,9.0,405.0,37803.0,46313.0,52599.0,77496.0,40265.0,56245.0,70707.0,45830.0,34167.0,50401.0,101.0,15833.0,96705.0,25858.0,4258.0,303.0,2445.0,27632.0,1978.0,8956.0,161.0,323.0,336.0,17888.0,14845.0,203838.0,15600.0,513.0,15931.0,249462.0
o,3662900.0,94886.0,125367.0,3322.0,2570778.0,86342.0,1220888.0,29633.0,4342530.0,135759.0,13969300.0,85350.0,4810077.0,69625.0,1522912.0,88265.0,3057834.0,60352.0,260044.0,59069.0,6219274.0,46367.0,3315250.0,98519.0,4839470.0,105342.0,32840.0,32968.0,3080633.0,90853.0,20254229.0,43315.0,2681960.0,312537.0,1369.0,9153.0,152260.0,16496.0,777389.0,16516.0,428661.0,5152.0,1359786.0,99508.0,4005871.0,73443.0,2706038.0,37672.0,1295110.0,36125.0,18840.0,5640.0,845.0,132977.0,34588.0,4825.0,1904.0,290800.0,7132.0,70231.0,169158.0,3210.0,10386.0,1668.0,539.0,11.0,292.0,1271.0,1622.0,8101.0,18621.0,622.0,7676.0,18044.0,2548.0,1672.0,2095.0,1271.0,63331.0,181774.0,364575.0,45562.0,1410.0,8045.0,250663.0,30966.0,32848.0,1426.0,282.0,3913.0,169420.0,6981.0,678140.0,75681.0,1905.0,103759.0,3642278.0
O,1337958.0,463118.0,243.0,12629.0,453220.0,339999.0,11749.0,294558.0,25062.0,354360.0,298253.0,1363750.0,43924.0,304994.0,1263.0,131010.0,3582.0,465533.0,1343.0,33219.0,416637.0,317341.0,4200.0,116097.0,11477.0,397311.0,1434.0,10167.0,47024.0,537314.0,399074.0,1391535.0,17444.0,585041.0,168.0,1066.0,258.0,11401.0,30243.0,206061.0,2052.0,27266.0,827732.0,153439.0,8140.0,426666.0,47303.0,239421.0,102801.0,103562.0,685.0,6084.0,65.0,2424.0,1447.0,63.0,778.0,70566.0,926.0,2923.0,37244.0,362.0,2080.0,390.0,72.0,5.0,291.0,324.0,791.0,4991.0,6580.0,896.0,2932.0,4477.0,725.0,610.0,1412.0,99.0,11999.0,53378.0,24980.0,3655.0,71.0,658.0,58519.0,447.0,2607.0,303.0,84.0,318.0,9476.0,2630.0,332190.0,7453.0,239.0,15296.0,103218.0
e,1847891.0,662988.0,1319055.0,16488.0,3247592.0,524654.0,2108570.0,195194.0,8438668.0,885231.0,22194320.0,529067.0,6020939.0,414123.0,5971181.0,523724.0,750024.0,413842.0,1957812.0,424560.0,295520.0,183833.0,1098060.0,872688.0,8540736.0,542748.0,125171.0,211598.0,16812904.0,845844.0,13736172.0,369548.0,13590745.0,1019723.0,1228458.0,39949.0,34340.0,25958.0,74478.0,84192.0,5398557.0,31123.0,561893.0,419871.0,4551434.0,543326.0,1741660.0,210932.0,1763721.0,285842.0,39622.0,17798.0,5655.0,164177.0,245855.0,47257.0,50294.0,5467491.0,92596.0,354606.0,2733046.0,40337.0,84641.0,16608.0,4628.0,45.0,2739.0,38354.0,43603.0,93474.0,156002.0,32943.0,79794.0,164091.0,47136.0,54206.0,38581.0,13369.0,2024503.0,2477296.0,2074757.0,340362.0,4997.0,69552.0,1979181.0,462855.0,501592.0,12230.0,2029.0,8749.0,946216.0,109632.0,5187177.0,608738.0,22427.0,1271441.0,19686752.0
E,19412.0,190087.0,7382.0,101407.0,46418.0,309344.0,4550.0,214332.0,22478.0,1533838.0,597243.0,2147305.0,329767.0,364885.0,33770.0,444483.0,3872.0,101406.0,1131.0,171247.0,8184.0,29747.0,51074.0,63913.0,178245.0,703195.0,3729.0,26285.0,21331.0,658347.0,1123677.0,943175.0,48326.0,1123197.0,91297.0,604640.0,680.0,13050.0,8789.0,16816.0,1166377.0,1071882.0,7076.0,179178.0,177285.0,298049.0,2009.0,47136.0,370850.0,208023.0,1337.0,4880.0,409.0,2348.0,4404.0,635.0,8864.0,625639.0,3298.0,19215.0,246424.0,2651.0,17494.0,932.0,1216.0,9.0,568.0,34582.0,35219.0,51686.0,60653.0,40067.0,51961.0,55668.0,43795.0,43684.0,40593.0,299.0,144345.0,237887.0,51183.0,5849.0,145.0,14809.0,119032.0,4512.0,14494.0,353.0,104.0,2986.0,63130.0,5731.0,1601054.0,34626.0,2748.0,100074.0,576774.0
u,1504711.0,10791.0,7057.0,1308.0,1326505.0,9363.0,476315.0,2470.0,1358847.0,15547.0,7144140.0,11548.0,3843205.0,5468.0,1079454.0,8980.0,85827.0,6820.0,5179627.0,8643.0,24807.0,2085.0,2274358.0,20737.0,2028366.0,9792.0,6450.0,3955.0,7093326.0,9305.0,5176715.0,2770.0,3623891.0,16276.0,1556.0,888.0,2684.0,1179.0,15014.0,1202.0,78071.0,1097.0,1857330.0,12745.0,2726602.0,11739.0,8337.0,3358.0,39421.0,3932.0,17247.0,1229.0,50.0,384.0,5922.0,401.0,1405.0,35930.0,1530.0,3442.0,56628.0,1726.0,10526.0,422.0,112.0,12.0,561.0,558.0,2623.0,27789.0,19582.0,544.0,8214.0,10267.0,2204.0,13615.0,33294.0,312.0,16691.0,84237.0,61379.0,17574.0,280.0,5612.0,35638.0,1594.0,3798.0,216.0,223.0,276.0,23995.0,6574.0,128070.0,33710.0,289.0,11783.0,284425.0
U,287199.0,145276.0,507.0,3620.0,1240.0,109590.0,822.0,145889.0,3064.0,161699.0,45696.0,444383.0,4075.0,846383.0,3758.0,149737.0,1451.0,17352.0,1721.0,349166.0,5820.0,12950.0,62705.0,411294.0,9372.0,141347.0,732.0,3426.0,163875.0,471390.0,829533.0,429642.0,374261.0,338300.0,309.0,915.0,613.0,1288.0,1330.0,5376.0,1104.0,11592.0,4510.0,113672.0,3247.0,177259.0,923.0,6635.0,2551.0,25046.0,518.0,1991.0,25.0,1916.0,1469.0,79.0,1019.0,12290.0,580.0,1296.0,31428.0,8812.0,5220.0,82.0,42.0,1.0,165.0,479.0,36901.0,57901.0,10985.0,2589.0,2089.0,9203.0,2703.0,6770.0,13832.0,189.0,5930.0,40345.0,9697.0,1302.0,53.0,267.0,19493.0,868.0,17274.0,111.0,125.0,107.0,6946.0,3010.0,67972.0,8214.0,158.0,6447.0,76022.0
i,1600496.0,39204.0,10470.0,3248.0,6877709.0,28589.0,3633847.0,9619.0,5782381.0,85908.0,2094681.0,32682.0,5238582.0,22331.0,2036928.0,33033.0,8595413.0,15793.0,2740493.0,23409.0,92990.0,6391.0,85572.0,43326.0,5318842.0,39510.0,14782.0,13492.0,8693769.0,48961.0,26506887.0,19767.0,7752720.0,75919.0,194471.0,5130.0,23901.0,1523.0,110066.0,14210.0,809341.0,6362.0,1138140.0,26617.0,3434759.0,30950.0,11210.0,29912.0,1666046.0,85074.0,3691210.0,3784.0,103.0,2226.0,14765.0,4301.0,2687.0,101995.0,59221.0,14225.0,362127.0,221891.0,551055.0,1848.0,448.0,19.0,1315.0,2153.0,3514.0,141772.0,60220.0,1365.0,12409.0,34821.0,5650.0,41204.0,35283.0,579.0,86790.0,145078.0,134397.0,41090.0,675.0,5134.0,218355.0,49673.0,12461.0,793.0,488.0,400.0,208449.0,5115.0,246975.0,24743.0,542.0,16470.0,1008056.0
I,45597.0,284837.0,727.0,1120.0,263001.0,236685.0,32563.0,366871.0,71941.0,474191.0,24454.0,281780.0,110775.0,591311.0,4954.0,224402.0,17460.0,681594.0,3571.0,287606.0,6099.0,31482.0,3474.0,106822.0,699337.0,878389.0,963.0,11838.0,488020.0,837881.0,4199838.0,1892411.0,633776.0,622793.0,737.0,5989.0,400.0,2958.0,5322.0,27698.0,6144.0,96072.0,2183.0,137093.0,886895.0,438366.0,2110.0,13324.0,5341.0,144373.0,1009.0,163209.0,120.0,910.0,1956.0,363.0,685.0,54302.0,1098.0,4364.0,65886.0,1793.0,8262.0,264.0,213.0,3.0,493.0,826.0,1000.0,18962.0,16282.0,1467.0,2381.0,21724.0,7538.0,12525.0,6936.0,132.0,13353.0,49640.0,63561.0,12914.0,66.0,523.0,51518.0,1870.0,4836.0,96.0,82.0,108.0,53028.0,6311.0,216710.0,8750.0,243.0,13930.0,143633.0
d,143384.0,325137.0,441083.0,7880.0,154443.0,253674.0,434803.0,72094.0,174157.0,419465.0,1408803.0,257068.0,1162355.0,208762.0,2583752.0,270965.0,2036621.0,229780.0,13164580.0,185109.0,850685.0,67912.0,3854638.0,324170.0,2208821.0,247456.0,19129.0,79527.0,438516.0,398508.0,107272.0,152269.0,1222350.0,466708.0,20094.0,21489.0,93004.0,17769.0,80100.0,43617.0,390916.0,11476.0,377347.0,265710.0,105257.0,239934.0,114228.0,112426.0,85034.0,160817.0,10480.0,8495.0,1768.0,26494.0,98645.0,10990.0,13547.0,2304480.0,40876.0,171956.0,1089581.0,24041.0,83097.0,19248.0,1738.0,25.0,4540.0,31114.0,33098.0,68801.0,109031.0,28324.0,61044.0,89117.0,43853.0,45243.0,36126.0,3357.0,379690.0,953874.0,802878.0,95618.0,978.0,82857.0,2829667.0,148878.0,94003.0,6106.0,344.0,3747.0,298045.0,22671.0,2369474.0,335571.0,10536.0,387922.0,7263094.0
D,7599.0,56061.0,65299.0,32314.0,3256.0,101586.0,2278.0,46239.0,20143.0,236996.0,212291.0,144898.0,25655.0,207585.0,1046200.0,395960.0,446133.0,378746.0,2160498.0,981201.0,106024.0,63552.0,958394.0,416639.0,3479.0,196469.0,3363.0,14498.0,23298.0,96388.0,10748.0,82415.0,77763.0,161857.0,1686.0,8113.0,1333.0,6234.0,1439.0,28451.0,5975.0,54910.0,37017.0,240247.0,7277.0,59410.0,9568.0,77004.0,3151.0,85232.0,1252.0,2993.0,234.0,8671.0,8683.0,1654.0,5550.0,257708.0,5211.0,9510.0,195828.0,1660.0,16221.0,835.0,591.0,31.0,491.0,36423.0,39937.0,109504.0,109088.0,45123.0,51562.0,57293.0,44160.0,45829.0,35192.0,339.0,80746.0,242821.0,46183.0,5711.0,278.0,5829.0,163811.0,6434.0,17336.0,305.0,130.0,1302.0,73057.0,5550.0,788947.0,33979.0,2513.0,58324.0,480965.0
h,268361.0,99934.0,147469.0,1644.0,13110.0,57143.0,14408.0,18754.0,25483.0,118609.0,1134299.0,73117.0,71536.0,54415.0,4982070.0,62809.0,1756408.0,65496.0,7531483.0,52751.0,294790.0,20635.0,3196770.0,93952.0,72966.0,72385.0,24265.0,18467.0,1325686.0,106956.0,39042.0,46261.0,287390.0,160000.0,3027.0,3889.0,1441.0,2486.0,12512.0,27833.0,38888.0,2141.0,53374.0,81059.0,161997.0,69480.0,45704.0,28953.0,19132.0,33014.0,6665.0,1944.0,187.0,15117.0,32090.0,2606.0,3661.0,598553.0,12657.0,18757.0,325699.0,7762.0,25279.0,2509.0,302.0,24.0,554.0,2352.0,3374.0,11054.0,41768.0,2067.0,7174.0,38304.0,3540.0,29758.0,3530.0,1134.0,124689.0,397710.0,244632.0,36084.0,814.0,11993.0,155508.0,16231.0,286787.0,1547.0,248.0,872.0,80734.0,6678.0,875957.0,822362.0,1595.0,92745.0,1632880.0
H,2892.0,64432.0,12356.0,11448.0,1212.0,12333.0,1177.0,15664.0,4203.0,21623.0,4164.0,218057.0,42048.0,27379.0,813842.0,392829.0,225394.0,260206.0,699273.0,872276.0,35770.0,27317.0,184139.0,204052.0,17753.0,37575.0,339.0,22184.0,86022.0,155309.0,13225.0,5907.0,3584.0,88944.0,9005.0,3104.0,602.0,1220.0,1406.0,19310.0,803.0,49820.0,2022.0,22624.0,2707.0,43568.0,8681.0,38197.0,531.0,6117.0,7203.0,2990.0,44.0,159.0,1531.0,74.0,800.0,44590.0,1367.0,1320.0,33443.0,1111.0,6887.0,101.0,310.0,18.0,215.0,895.0,7520.0,4389.0,10965.0,643.0,1651.0,14443.0,1610.0,1988.0,1947.0,130.0,13616.0,33284.0,36243.0,1278.0,78.0,750.0,12537.0,252.0,3124.0,98.0,72.0,221.0,3024.0,2440.0,184648.0,9738.0,510.0,27194.0,121659.0
t,1068100.0,902717.0,3702972.0,23582.0,531959.0,633652.0,40270.0,148405.0,1357306.0,1069531.0,11600063.0,604388.0,422350.0,502093.0,9935472.0,704884.0,8945010.0,478039.0,17864413.0,493401.0,5670304.0,203477.0,13094449.0,868114.0,2735578.0,624519.0,10010706.0,304108.0,1952601.0,1031983.0,144066.0,462022.0,3158685.0,1170833.0,5321.0,37323.0,6109.0,24608.0,72197.0,105446.0,785253.0,38553.0,116908.0,537561.0,485648.0,620409.0,463856.0,239622.0,82993.0,447923.0,19752.0,23956.0,1809.0,252167.0,248723.0,29567.0,18055.0,4169842.0,64717.0,437832.0,2021173.0,63996.0,98763.0,13455.0,2040.0,43.0,4468.0,16248.0,20713.0,754455.0,304916.0,14226.0,46999.0,261335.0,59043.0,443719.0,232381.0,11018.0,814004.0,1654496.0,1709398.0,239418.0,2272.0,60148.0,1375873.0,827917.0,701108.0,8144.0,2907.0,6245.0,879033.0,96088.0,4942124.0,424506.0,22510.0,730729.0,15048655.0
T,24565.0,140187.0,1966189.0,421601.0,26127.0,171223.0,2542.0,35931.0,16274.0,218526.0,963284.0,915744.0,20666.0,143370.0,757633.0,663986.0,1169526.0,638294.0,1433769.0,1444269.0,94129.0,264163.0,715851.0,912478.0,4758.0,84155.0,1018166.0,702482.0,3566.0,264832.0,2015.0,76001.0,25170.0,216243.0,331.0,5692.0,592.0,3969.0,1520.0,27048.0,208804.0,60421.0,7229.0,49536.0,38707.0,136804.0,34686.0,85092.0,2411.0,31162.0,1060.0,5039.0,289.0,17404.0,9018.0,1117.0,5639.0,523133.0,2730.0,24002.0,193552.0,1891.0,16629.0,800.0,670.0,10.0,912.0,8240.0,7876.0,56836.0,83143.0,5013.0,17275.0,61847.0,14819.0,28803.0,16509.0,542.0,78924.0,273421.0,44727.0,21875.0,143.0,2418.0,188722.0,6574.0,165082.0,372.0,163.0,2231.0,25408.0,6015.0,2718425.0,42968.0,2736.0,79050.0,630017.0
n,991502.0,306481.0,313945.0,14250.0,2008381.0,243941.0,8265122.0,80313.0,5129827.0,464320.0,130465.0,260473.0,795447.0,183722.0,4605994.0,242820.0,3049086.0,180392.0,7254271.0,182987.0,2087996.0,84478.0,2502448.0,283060.0,10106537.0,239600.0,65418.0,142169.0,16609930.0,464453.0,1231111.0,140807.0,10602308.0,580621.0,28580.0,20649.0,38201.0,10044.0,598271.0,43987.0,46657.0,16164.0,123167.0,244652.0,224359.0,276796.0,46063.0,108778.0,1123386.0,198834.0,27367.0,19094.0,1239.0,71280.0,103969.0,14723.0,9947.0,1729501.0,33720.0,93902.0,708296.0,23888.0,85183.0,8666.0,1582.0,91.0,6139.0,1987.0,3781.0,31373.0,59842.0,2386.0,11951.0,52651.0,7460.0,10047.0,2792.0,5022.0,516624.0,664853.0,745698.0,142200.0,2849.0,83524.0,654344.0,89138.0,118575.0,4579.0,1247.0,2681.0,436478.0,266645.0,1856411.0,1033435.0,6484.0,335893.0,8201832.0
N,3994.0,89589.0,4436.0,121210.0,1878.0,195805.0,3077.0,496125.0,6177.0,354128.0,4769.0,71553.0,1554.0,95244.0,1007447.0,399533.0,1345340.0,587074.0,707220.0,698368.0,519665.0,705049.0,22606.0,245545.0,16257.0,637639.0,1577.0,14328.0,7716.0,1019935.0,5571.0,142447.0,10810.0,490125.0,1210.0,2242.0,902.0,3076.0,447.0,52720.0,9554.0,30028.0,5547.0,21480.0,3772.0,28641.0,1051.0,10637.0,5902.0,178128.0,2279.0,6893.0,111.0,1275.0,2822.0,210.0,2208.0,157045.0,2902.0,5359.0,133219.0,3005.0,16040.0,298.0,127.0,3.0,696.0,960.0,1488.0,36367.0,34289.0,829.0,20392.0,17831.0,1768.0,2879.0,979.0,282.0,44731.0,81547.0,12476.0,5161.0,97.0,1386.0,37489.0,1575.0,9670.0,221.0,281.0,746.0,30548.0,4634.0,674785.0,18899.0,1055.0,47134.0,299038.0
s,2186742.0,241898.0,576806.0,8647.0,313771.0,200051.0,336900.0,47991.0,1799231.0,344049.0,477223.0,212829.0,510248.0,144010.0,1746568.0,243524.0,2553446.0,174619.0,13388024.0,189351.0,2390242.0,83061.0,6711645.0,276304.0,118317.0,195980.0,2773187.0,69811.0,22820941.0,311095.0,177167.0,163369.0,5096433.0,357770.0,103349.0,12245.0,13879.0,13239.0,699170.0,44469.0,34764.0,14650.0,85947.0,189717.0,287286.0,231174.0,371192.0,93134.0,80448.0,172979.0,205246.0,13998.0,2301.0,62196.0,940722.0,28074.0,14991.0,2147475.0,60822.0,74331.0,1641279.0,35896.0,79035.0,11752.0,972.0,61.0,7468.0,3194.0,7804.0,46701.0,90052.0,1834.0,21953.0,154497.0,12140.0,15713.0,8577.0,6221.0,720389.0,1470354.0,2608698.0,395993.0,2643.0,128344.0,1269152.0,146115.0,109385.0,8299.0,1427.0,5726.0,700888.0,47439.0,2487455.0,412590.0,8727.0,674225.0,7902378.0
S,504284.0,303203.0,503788.0,70829.0,5839.0,59298.0,37993.0,89081.0,744991.0,318929.0,99212.0,100109.0,164720.0,214231.0,283315.0,231705.0,523221.0,378706.0,2346390.0,1430967.0,554727.0,258553.0,1182707.0,715257.0,12346.0,259091.0,638477.0,247288.0,3400388.0,1647570.0,29869.0,38611.0,21281.0,971742.0,33649.0,66682.0,680.0,1779.0,229592.0,78998.0,2647.0,12637.0,6865.0,66101.0,107221.0,109926.0,103164.0,94214.0,9411.0,63811.0,5131.0,11463.0,69.0,1418.0,10842.0,455.0,3181.0,148029.0,2595.0,7385.0,147561.0,1565.0,17773.0,610.0,482.0,7.0,482.0,1783.0,5473.0,21723.0,40065.0,1855.0,4275.0,34739.0,6684.0,6265.0,7665.0,229.0,85067.0,167857.0,63695.0,5730.0,116.0,2070.0,68804.0,1962.0,9788.0,447.0,88.0,1008.0,41136.0,5790.0,707461.0,70617.0,1173.0,68722.0,541305.0
q,17433.0,4339.0,1246.0,597.0,2842.0,2790.0,3305.0,1161.0,8589.0,6908.0,50345.0,4820.0,68104.0,4282.0,7236.0,6000.0,8620.0,2121.0,3365.0,2226.0,1762190.0,1070.0,15056.0,5430.0,7883.0,11172.0,2918.0,1938.0,27359.0,4915.0,9141.0,7208.0,18732.0,6068.0,4358.0,590.0,1095.0,290.0,1544.0,878.0,2777.0,742.0,4062.0,1993.0,10761.0,4413.0,3553.0,3921.0,3506.0,1555.0,1557.0,400.0,55.0,532.0,15287.0,341.0,299.0,55231.0,2067.0,1765.0,29112.0,1986.0,2831.0,72.0,29.0,6.0,72.0,1607.0,1288.0,3609.0,13279.0,1056.0,4180.0,8687.0,1899.0,1871.0,2542.0,92.0,14393.0,33317.0,47201.0,2225.0,66.0,557.0,9778.0,5350.0,979.0,39.0,119.0,73.0,23524.0,2090.0,77729.0,5775.0,220.0,2167.0,45503.0
Q,4873.0,38265.0,342.0,1059.0,1146.0,19602.0,2221.0,7458.0,1337.0,40319.0,3070.0,27026.0,675.0,80818.0,9544.0,39442.0,8502.0,20248.0,901.0,8257.0,345658.0,242152.0,10260.0,24795.0,649.0,29875.0,650.0,8251.0,70940.0,80473.0,2851.0,9065.0,2853.0,168511.0,964.0,7709.0,375.0,5044.0,406.0,6701.0,729.0,1544.0,9511.0,10899.0,6245.0,56613.0,2269.0,19752.0,1142.0,31445.0,443.0,1278.0,1.0,358.0,1300.0,27.0,96.0,390336.0,533.0,435.0,7336.0,417.0,456.0,16.0,48.0,1.0,58.0,877.0,397.0,5954.0,2720.0,543.0,1261.0,3094.0,573.0,367.0,1187.0,14.0,2491.0,6851.0,4363.0,492.0,17.0,391.0,4590.0,493.0,2698.0,20.0,73.0,62.0,1754.0,1266.0,56753.0,2178.0,82.0,1742.0,17087.0
j,18515.0,7399.0,2636.0,2742.0,4280.0,3124.0,2071.0,1531.0,33843.0,38058.0,16254.0,4319.0,14762.0,4377.0,68568.0,3897.0,185388.0,2096.0,1185108.0,4058.0,134993.0,831.0,41877.0,6907.0,5128.0,4383.0,3074.0,1720.0,6039.0,7765.0,16389.0,3159.0,228982.0,6337.0,785.0,266.0,12387.0,678.0,8990.0,1156.0,1642.0,470.0,8685.0,4331.0,15466.0,4763.0,4562.0,1074.0,5165.0,2418.0,1366.0,323.0,82.0,2434.0,10991.0,214.0,1168.0,32316.0,15643.0,4984.0,96580.0,39901.0,87001.0,193.0,68.0,11.0,246.0,2388.0,4711.0,7301.0,8114.0,464.0,3821.0,9732.0,4481.0,1673.0,2338.0,256.0,25324.0,61645.0,59944.0,1505.0,132.0,382.0,21349.0,12094.0,2064.0,67.0,73.0,121.0,38178.0,1493.0,42116.0,10338.0,111.0,2069.0,169049.0
J,3994.0,12066.0,546.0,503.0,443.0,1486.0,638.0,1302.0,743.0,5063.0,1161.0,2154.0,385.0,2762.0,50132.0,9847.0,78339.0,24906.0,9478.0,47928.0,42515.0,12476.0,39143.0,24296.0,623.0,3185.0,575.0,977.0,1053.0,3125.0,4842.0,33113.0,101437.0,249680.0,492.0,394.0,598.0,1186.0,283.0,2996.0,1318.0,1428.0,416.0,2435.0,1292.0,4835.0,1298.0,1026.0,1485.0,4423.0,602.0,472.0,30.0,86.0,711.0,16.0,266.0,2101.0,174.0,329.0,12588.0,296.0,1044.0,3.0,17.0,0.0,55.0,309.0,323.0,700.0,875.0,758.0,422.0,4048.0,2274.0,288.0,395.0,6.0,1286.0,4190.0,1883.0,415.0,32.0,179.0,999.0,123.0,162.0,31.0,42.0,30.0,731.0,993.0,18492.0,1548.0,71.0,1071.0,5936.0
k,77731.0,186109.0,26080.0,7221.0,22434.0,141020.0,64196.0,53756.0,39772.0,197191.0,17497.0,134140.0,97475.0,65708.0,161245.0,129008.0,43263.0,64473.0,2847607.0,89166.0,141803.0,42738.0,485305.0,247649.0,26104.0,135993.0,24495.0,86566.0,79417.0,175845.0,162086.0,94308.0,504060.0,257189.0,2792.0,17384.0,5266.0,6167.0,15373.0,11251.0,3476.0,12246.0,34113.0,136499.0,40926.0,126155.0,47010.0,49823.0,26604.0,51209.0,1984.0,8478.0,274.0,13268.0,30555.0,2902.0,2579.0,901983.0,13027.0,26801.0,252458.0,15587.0,40556.0,1604.0,725.0,6.0,929.0,715.0,1540.0,6207.0,25246.0,652.0,6281.0,19780.0,5259.0,1765.0,2374.0,1514.0,627814.0,187226.0,249707.0,48595.0,675.0,6695.0,254985.0,36002.0,26297.0,1871.0,150.0,842.0,113487.0,6550.0,650825.0,56288.0,1136.0,74441.0,993142.0
K,1525.0,14224.0,760.0,2243.0,987.0,15811.0,836.0,7898.0,1415.0,11511.0,4244.0,10291.0,3631.0,15205.0,16748.0,36298.0,14631.0,11831.0,631651.0,225825.0,5124.0,9933.0,197422.0,71439.0,2092.0,10398.0,1457.0,49178.0,1606.0,19900.0,33285.0,29942.0,3345.0,45329.0,317.0,1662.0,257.0,2302.0,718.0,6550.0,527.0,10456.0,3274.0,15600.0,5282.0,19716.0,1526.0,5855.0,2740.0,23939.0,625.0,1097.0,517.0,650.0,1408.0,39.0,671.0,324372.0,850.0,1192.0,62920.0,947.0,2981.0,398.0,176.0,8.0,82.0,3131.0,6709.0,9821.0,39507.0,5328.0,3623.0,31643.0,7679.0,6825.0,4123.0,107.0,46299.0,47064.0,6064.0,2358.0,48.0,1598.0,26675.0,260.0,1669.0,176.0,60.0,396.0,15232.0,1543.0,523251.0,9186.0,385.0,13093.0,60173.0
x,1197509.0,88217.0,155113.0,4239.0,427683.0,175565.0,4689.0,20487.0,587987.0,125705.0,21589.0,39414.0,39106.0,61325.0,258254.0,99895.0,51302.0,54299.0,799812.0,66705.0,16723.0,22256.0,530372.0,96728.0,135879.0,114452.0,12428.0,27613.0,2472354.0,79788.0,62912.0,51653.0,62377.0,116555.0,1390.0,4008.0,1373.0,2531.0,3454.0,6643.0,89357.0,12929.0,103829.0,122202.0,110499.0,48205.0,5978.0,24093.0,7536.0,37064.0,3150.0,2609.0,321.0,15677.0,75978.0,4925.0,8189.0,377572.0,25865.0,55182.0,489921.0,47284.0,139509.0,972.0,1317.0,24.0,20838.0,216170.0,167424.0,284808.0,429878.0,136067.0,1207519.0,330115.0,513410.0,240644.0,301257.0,1353.0,163980.0,483801.0,321109.0,25016.0,558.0,22549.0,168043.0,51284.0,45565.0,1284.0,1894.0,1326.0,174761.0,8236.0,935591.0,76074.0,1815.0,50321.0,957594.0
X,2337.0,638746.0,1198.0,23178.0,7365.0,27687.0,846.0,19521.0,8331.0,74012.0,7950.0,29487.0,11794.0,33424.0,6266.0,17851.0,7767.0,18952.0,2378.0,54350.0,4932.0,8368.0,26284.0,54766.0,17472.0,28501.0,639.0,5406.0,3333.0,285865.0,3988.0,14581.0,7428.0,29693.0,696.0,1026.0,482.0,904.0,726.0,4263.0,594.0,112127.0,5236.0,8889.0,43503.0,103617.0,1554.0,2937.0,582.0,4607.0,661.0,2498.0,87.0,1113.0,5330.0,421.0,2730.0,42078.0,1712.0,2609.0,54568.0,1879.0,8525.0,73.0,368.0,3.0,1201.0,1500.0,21388.0,6033.0,27378.0,3269.0,37170.0,12022.0,11669.0,8095.0,37194.0,130.0,23033.0,61540.0,15317.0,2316.0,174.0,2486.0,21519.0,1086.0,3486.0,123.0,201.0,358.0,16517.0,3349.0,329814.0,14468.0,609.0,15489.0,111180.0
b,70996.0,34345.0,650543.0,883.0,79353.0,26823.0,82698.0,17850.0,130375.0,68997.0,1028371.0,45509.0,3774460.0,18123.0,2287662.0,33278.0,2360715.0,18767.0,2455824.0,31580.0,2050397.0,13738.0,982454.0,52193.0,91125.0,32068.0,8894.0,17523.0,149337.0,29974.0,64678.0,25918.0,610908.0,67941.0,5712.0,2534.0,1404956.0,4236.0,53816.0,95582.0,25500.0,1491.0,160730.0,22123.0,92635.0,28547.0,21326.0,15555.0,31275.0,20761.0,12205.0,724.0,438.0,1714.0,30408.0,1385.0,3378.0,88383.0,5009.0,7361.0,142144.0,8373.0,9592.0,356.0,307.0,11.0,498.0,29294.0,31893.0,36791.0,62451.0,25702.0,57397.0,64981.0,31092.0,31122.0,32290.0,352.0,48399.0,230155.0,172155.0,52349.0,357.0,6985.0,99860.0,6782.0,34847.0,449.0,208.0,622.0,70275.0,7579.0,341138.0,51070.0,2108.0,13564.0,206175.0
B,6921.0,31543.0,305094.0,74892.0,3767.0,61919.0,30578.0,42135.0,5777.0,99499.0,191136.0,67321.0,678291.0,318643.0,774916.0,220998.0,526450.0,422955.0,263101.0,198366.0,962912.0,373025.0,589524.0,281955.0,2127.0,58005.0,2649.0,6020.0,9835.0,36958.0,4198.0,14190.0,10599.0,126072.0,643.0,2006.0,717.0,61265.0,2373.0,9221.0,2214.0,14267.0,2101.0,131733.0,3908.0,37560.0,2997.0,9028.0,2968.0,12680.0,1031.0,3328.0,56.0,3272.0,11365.0,723.0,1264.0,42961.0,1078.0,5080.0,45751.0,927.0,9329.0,149.0,299.0,6.0,908.0,39726.0,40304.0,51370.0,62313.0,43061.0,50488.0,56092.0,39505.0,37169.0,41086.0,142.0,15482.0,84902.0,37428.0,5098.0,69.0,3021.0,44936.0,1113.0,5091.0,161.0,258.0,295.0,18523.0,5551.0,178264.0,14971.0,382.0,13497.0,102578.0
m,4088141.0,156669.0,157601.0,5341.0,50214.0,112162.0,97013.0,233020.0,121367.0,197666.0,41874.0,130696.0,223182.0,78250.0,5491909.0,119811.0,2374119.0,96004.0,9385192.0,95642.0,739165.0,43538.0,2078567.0,162101.0,283793.0,142459.0,13674.0,39120.0,204181.0,159101.0,304644.0,72327.0,1204887.0,229489.0,13216.0,10821.0,6756.0,15381.0,31802.0,20562.0,28245.0,8703.0,1019600.0,85917.0,1057283.0,104267.0,16021.0,45240.0,38922.0,121851.0,7749.0,4294.0,166.0,36342.0,78879.0,4632.0,3492.0,390658.0,12639.0,33738.0,274775.0,9747.0,26961.0,1195.0,346.0,53.0,756.0,7087.0,19554.0,33991.0,88390.0,6258.0,26876.0,81333.0,19698.0,17801.0,11196.0,991.0,108690.0,254183.0,460296.0,120828.0,774.0,6563.0,409378.0,30443.0,100017.0,1105.0,929.0,835.0,198078.0,6998.0,2692704.0,76506.0,1912.0,72646.0,1249602.0
M,12286.0,465775.0,33641.0,13851.0,3192.0,64140.0,24993.0,23490.0,6506.0,106259.0,2475.0,41293.0,6655.0,132048.0,1970920.0,654198.0,1029569.0,218883.0,1329747.0,743993.0,228888.0,70839.0,398873.0,322879.0,7757.0,152517.0,1285.0,9841.0,8802.0,66193.0,7560.0,35230.0,109307.0,175930.0,1959.0,10573.0,2105.0,3087.0,5399.0,12708.0,3517.0,20316.0,6280.0,106134.0,4202.0,245930.0,1868.0,10613.0,10412.0,57949.0,871.0,2194.0,66.0,978.0,5413.0,132.0,1015.0,46900.0,1258.0,3033.0,40588.0,1670.0,3841.0,109.0,115.0,0.0,738.0,1872.0,3504.0,10478.0,12105.0,985.0,5218.0,12236.0,6787.0,6769.0,2089.0,118.0,16468.0,66981.0,34799.0,3675.0,66.0,627.0,44242.0,882.0,7472.0,134.0,122.0,395.0,20368.0,2993.0,411082.0,11995.0,603.0,12007.0,161809.0
w,78666.0,82945.0,7457.0,3825.0,12030.0,62117.0,12808.0,17741.0,57443.0,91583.0,544963.0,48778.0,44052.0,51156.0,1251295.0,43270.0,699249.0,38471.0,1060799.0,45312.0,5824.0,10970.0,1831180.0,71368.0,45955.0,53057.0,668723.0,29826.0,84271.0,74635.0,508607.0,33143.0,419270.0,103811.0,2483.0,4223.0,1247.0,3566.0,16849.0,9297.0,98061.0,3065.0,16425.0,53049.0,23629.0,60220.0,141260.0,23203.0,4605.0,31311.0,7609.0,1362.0,118.0,4874.0,18503.0,1823.0,1425.0,292156.0,5450.0,29671.0,120629.0,5978.0,10385.0,1433.0,108.0,9.0,238.0,1627.0,2754.0,11082.0,25217.0,1186.0,11274.0,20019.0,3904.0,3498.0,3270.0,450.0,56094.0,116811.0,184472.0,37385.0,109.0,2581.0,99195.0,20017.0,12466.0,1005.0,313.0,528.0,124735.0,5389.0,486344.0,34815.0,798.0,65957.0,1044706.0
W,1997.0,19496.0,648.0,2085.0,1982.0,6313.0,1279.0,10494.0,4908.0,27723.0,386683.0,64311.0,1331.0,14067.0,410919.0,298137.0,190769.0,96053.0,318564.0,77101.0,9352.0,3791.0,849556.0,274796.0,6558.0,23073.0,84850.0,45216.0,3877.0,11915.0,18083.0,62419.0,4204.0,76182.0,186.0,2717.0,369.0,539.0,2831.0,12531.0,4620.0,6485.0,6992.0,9836.0,2185.0,26538.0,2720.0,6600.0,564.0,2868.0,7240.0,2360.0,48.0,521.0,2815.0,472.0,573.0,58827.0,890.0,1254.0,20329.0,612.0,1829.0,110.0,20.0,0.0,58.0,510.0,903.0,2749.0,4378.0,424.0,1610.0,3668.0,1693.0,5192.0,519.0,51.0,10359.0,21360.0,5171.0,1340.0,34.0,419.0,12380.0,1732.0,1333.0,183.0,112.0,307.0,2874.0,2357.0,126881.0,5739.0,199.0,5554.0,36838.0
v,78015.0,23842.0,9739.0,1201.0,22831.0,16231.0,42900.0,7843.0,102033.0,30673.0,41458.0,32197.0,76219.0,14273.0,3177507.0,26880.0,2072440.0,24218.0,6175059.0,13713.0,19192.0,6492.0,1936886.0,42661.0,33831.0,23075.0,14526.0,12348.0,104884.0,29446.0,34678.0,27020.0,95384.0,43666.0,7664.0,1825.0,1514.0,2634.0,101250.0,10284.0,28079.0,1920.0,26333.0,25311.0,276087.0,38787.0,8360.0,16499.0,12206.0,10297.0,4526.0,1330.0,825.0,1677.0,77368.0,1170.0,1385.0,96536.0,3549.0,9471.0,137449.0,3417.0,12008.0,169.0,139.0,7.0,848.0,6277.0,6819.0,34046.0,96159.0,3745.0,31315.0,83524.0,57583.0,42514.0,80799.0,351.0,49837.0,118584.0,132527.0,9604.0,682.0,1461.0,85339.0,16992.0,5491.0,518.0,178.0,211.0,78345.0,3113.0,340524.0,23005.0,3849.0,9319.0,195108.0
V,9580.0,47899.0,1009.0,2673.0,2992.0,22369.0,1844.0,24664.0,5188.0,38942.0,11408.0,49525.0,2786.0,47664.0,1726057.0,295149.0,109860.0,54482.0,946623.0,517151.0,18667.0,28192.0,511210.0,163244.0,3671.0,27525.0,1012.0,8696.0,20266.0,143902.0,4025.0,17040.0,12347.0,44658.0,484.0,1942.0,316.0,892.0,118932.0,120350.0,1352.0,24132.0,4602.0,22150.0,9781.0,121332.0,343.0,6087.0,1158.0,5291.0,705.0,1801.0,19.0,975.0,6237.0,328.0,349.0,49504.0,883.0,1323.0,21994.0,562.0,6113.0,55.0,64.0,2.0,679.0,1444.0,2158.0,9765.0,21866.0,753.0,8858.0,25893.0,16010.0,12073.0,25648.0,58.0,8367.0,21116.0,12319.0,1599.0,69.0,533.0,17732.0,675.0,5861.0,60.0,140.0,139.0,8619.0,1975.0,165498.0,9253.0,185.0,6000.0,55240.0
z,8224.0,13938.0,25780.0,465.0,3828.0,17556.0,3396.0,4673.0,7470.0,14660.0,3865.0,6540.0,17045.0,6378.0,183731.0,9401.0,91683.0,7171.0,3659749.0,8590.0,12052.0,4998.0,61759.0,7795.0,4924.0,14164.0,6414.0,4095.0,4039.0,19550.0,13819.0,13842.0,8684.0,15745.0,733.0,1510.0,1000.0,1005.0,4354.0,2960.0,17798.0,1252.0,3059.0,7399.0,15034.0,9677.0,4343.0,2940.0,5043.0,8360.0,38250.0,868.0,41.0,109.0,7215.0,252.0,1358.0,16953.0,3053.0,3199.0,44000.0,3568.0,6260.0,77.0,70.0,2.0,95.0,1647.0,851.0,2804.0,9762.0,1254.0,3910.0,6851.0,2089.0,1355.0,9408.0,85.0,22164.0,34174.0,14041.0,4417.0,406.0,1706.0,7639.0,1093.0,973.0,70.0,269.0,156.0,7994.0,3050.0,38923.0,10815.0,1128.0,4325.0,82576.0
Z,995.0,4670.0,1622.0,2577.0,631.0,2849.0,1292.0,2005.0,3543.0,7134.0,2408.0,5031.0,1366.0,6557.0,9924.0,14835.0,41195.0,10053.0,99802.0,185682.0,6985.0,1666.0,33179.0,7603.0,943.0,2176.0,26427.0,1268.0,1388.0,2704.0,1310.0,6002.0,2760.0,11804.0,264.0,2103.0,411.0,802.0,1077.0,900.0,1225.0,14108.0,608.0,1718.0,3822.0,6518.0,1044.0,2685.0,1119.0,1920.0,337.0,7996.0,63.0,227.0,1285.0,59.0,326.0,8184.0,971.0,465.0,10827.0,542.0,3129.0,11.0,12.0,0.0,62.0,458.0,830.0,3782.0,3079.0,522.0,1865.0,3639.0,1853.0,280.0,1477.0,78.0,4091.0,11048.0,2230.0,492.0,72.0,764.0,15162.0,162.0,1556.0,71.0,78.0,101.0,1254.0,2921.0,29878.0,5523.0,166.0,1931.0,19343.0
$,2248.0,591.0,161.0,96.0,2077.0,517.0,1045.0,557.0,5559.0,879.0,1349.0,1246.0,1297.0,647.0,3122.0,1075.0,1370.0,294.0,1744.0,420.0,589.0,290.0,1664.0,2907.0,2793.0,1247.0,739.0,426.0,2520.0,926.0,2033.0,740.0,3332.0,2381.0,167.0,748.0,156.0,75.0,753.0,371.0,532.0,194.0,1630.0,393.0,1779.0,428.0,347.0,187.0,809.0,268.0,188.0,97.0,9145.0,100.0,349.0,11057.0,410.0,2620.0,55.0,253.0,1092.0,79.0,134.0,33.0,490.0,1.0,812.0,158.0,428.0,738.0,3593.0,310.0,5789.0,1650.0,728.0,144.0,381.0,31.0,426.0,1178.0,1496.0,288.0,392.0,1607.0,374.0,384.0,290.0,229.0,66.0,107.0,204.0,1833.0,2125.0,4604.0,8.0,7455.0,8386.0
&,116343.0,18205.0,5985.0,764.0,67238.0,13141.0,48381.0,9552.0,118692.0,33427.0,108882.0,15835.0,52330.0,12192.0,83107.0,18997.0,73595.0,15506.0,71160.0,12240.0,18440.0,5233.0,96355.0,37665.0,88889.0,20304.0,29426.0,6112.0,99677.0,19962.0,57397.0,8896.0,149957.0,35808.0,7582.0,8532.0,5604.0,1454.0,19048.0,2239.0,12313.0,2122.0,62063.0,13359.0,98522.0,22943.0,25534.0,5745.0,67632.0,9794.0,3494.0,999.0,125.0,910787.0,613.0,67.0,2.0,30719.0,21956.0,5186.0,60644.0,70.0,48637.0,553.0,1065.0,276.0,195.0,286.0,277.0,471.0,1981.0,38.0,4616.0,425.0,167.0,135.0,87.0,84.0,1094.0,33459.0,4966.0,723.0,98.0,460.0,11472.0,119.0,21191.0,72.0,43.0,29.0,119.0,1942.0,67901.0,4172.0,4671.0,150768.0,2474109.0
[,62831.0,12728.0,13270.0,2164.0,24168.0,8025.0,12145.0,9416.0,74330.0,29918.0,39264.0,12911.0,36424.0,7734.0,39545.0,29067.0,36987.0,14684.0,25692.0,9339.0,13386.0,3681.0,726823.0,33505.0,42963.0,40165.0,14736.0,3426.0,71831.0,60965.0,85626.0,17523.0,81458.0,27787.0,5179.0,1641.0,94633.0,1220.0,50459.0,2529.0,29762.0,3276.0,30402.0,13393.0,46884.0,22384.0,13927.0,2565.0,25253.0,8810.0,3627.0,1234.0,399.0,63221.0,168577.0,6581.0,27.0,21531.0,7294.0,5132.0,159.0,2935.0,225310.0,463.0,575.0,164.0,22970.0,19833.0,40407.0,126635.0,376461.0,12514.0,554646.0,214364.0,65275.0,32032.0,19313.0,374.0,70.0,1487.0,2866.0,503.0,2024.0,17097.0,3234.0,2345.0,88.0,739.0,4275.0,122.0,16175.0,9586.0,10748.0,124192.0,16.0,4252.0,51247.0
{,10089.0,3967.0,1531.0,7804.0,13567.0,2939.0,3741.0,3101.0,15663.0,8958.0,19935.0,7596.0,5447.0,6030.0,13592.0,4837.0,6833.0,2295.0,7366.0,6612.0,3139.0,2083.0,21655.0,4407.0,13871.0,4640.0,3146.0,1343.0,14920.0,12078.0,13893.0,7114.0,24949.0,12197.0,846.0,972.0,1114.0,550.0,8008.0,1318.0,4530.0,1540.0,10106.0,4363.0,9271.0,4833.0,5671.0,758.0,8445.0,4420.0,591.0,546.0,2597.0,10444.0,5930.0,98045.0,284643.0,3858.0,34.0,1888.0,132.0,884.0,19.0,1352.0,382.0,66.0,2492.0,4232.0,8568.0,18379.0,75753.0,3138.0,99763.0,34755.0,12104.0,5253.0,4363.0,157.0,425.0,369.0,14239.0,4818.0,1149.0,31086.0,6029.0,240.0,11.0,73.0,592.0,204.0,30360.0,11564.0,6602.0,182538.0,10534.0,8106025.0,778479.0
},139.0,107.0,13.0,3.0,297.0,60.0,62.0,41.0,968.0,107.0,405.0,69.0,160.0,53.0,113.0,614.0,33.0,29.0,9991.0,44.0,100.0,72.0,301.0,120.0,648.0,38.0,16.0,26.0,117.0,124.0,67.0,18.0,522.0,91.0,16.0,12.0,17.0,4.0,45.0,29.0,164.0,9.0,2249.0,105.0,138.0,73.0,1028.0,23.0,194.0,53.0,36.0,6.0,589.0,72.0,2184.0,4972.0,138236.0,5129.0,393.0,4509.0,280363.0,289.0,7285.0,103.0,84.0,130.0,129.0,3.0,2.0,19.0,80.0,9.0,55.0,32.0,8.0,2.0,10.0,1122.0,691491.0,702611.0,8060.0,9954.0,1828.0,24361.0,2437.0,479.0,797.0,59.0,997.0,203.0,775.0,5219.0,2759.0,59939.0,7161.0,7466563.0,750947.0
(,1134583.0,313825.0,77071.0,9842.0,818592.0,203911.0,328999.0,242471.0,2109343.0,466392.0,839167.0,256829.0,482967.0,232906.0,874551.0,228530.0,556090.0,169043.0,542812.0,200768.0,530903.0,116909.0,1774708.0,447703.0,695621.0,219716.0,301097.0,103304.0,1186003.0,318244.0,796930.0,219140.0,1892277.0,484453.0,78211.0,135777.0,103176.0,53073.0,270545.0,37029.0,185548.0,38157.0,596307.0,167336.0,924734.0,209786.0,257051.0,78855.0,682489.0,152477.0,41308.0,20413.0,4164.0,480337.0,47536.0,90653.0,66.0,621914.0,2083.0,423078.0,10429271.0,11905.0,122.0,877718.0,3659.0,7828.0,53996.0,23870.0,58872.0,116635.0,552281.0,21038.0,682984.0,217807.0,77207.0,39341.0,34935.0,1847.0,20477.0,1114.0,22594.0,9179.0,1698.0,12794.0,54616.0,3912.0,889.0,2272.0,811.0,703.0,94662.0,66379.0,421029.0,2233628.0,2971.0,723128.0,1312505.0
=,10166.0,2380.0,1909.0,617.0,16830.0,3050.0,4700.0,2529.0,13231.0,5601.0,7548.0,2281.0,5618.0,2454.0,9721.0,3462.0,3072.0,1320.0,4873.0,2814.0,3056.0,2137.0,11399.0,4499.0,6983.0,2492.0,2749.0,1820.0,20274.0,4073.0,15668.0,15090.0,16479.0,5227.0,1123.0,814.0,2130.0,515.0,2527.0,1325.0,3572.0,1002.0,6571.0,2505.0,11649.0,3352.0,2179.0,1692.0,5620.0,1508.0,735.0,737.0,953.0,2991.0,8113.0,18291.0,99.0,60868.0,6042712.0,56686.0,960.0,2806.0,6907.0,651.0,218.0,477.0,58621.0,1419.0,4961.0,7724.0,49714.0,1920.0,154881.0,16674.0,7187.0,3157.0,2626.0,534.0,372.0,1897.0,1295.0,23906.0,215.0,19879.0,417.0,16401.0,18478.0,783.0,86.0,254.0,41117.0,28689.0,4106.0,69539.0,2516.0,343904.0,13663858.0
*,259661.0,23570.0,9235.0,2604.0,67517.0,20815.0,31370.0,17957.0,149397.0,36565.0,98388.0,19236.0,47344.0,17717.0,97984.0,19622.0,78711.0,13202.0,71842.0,17116.0,23435.0,6453.0,140702.0,28066.0,90157.0,25434.0,36310.0,4074.0,185742.0,27475.0,72704.0,20957.0,172580.0,35268.0,8538.0,2172.0,8167.0,1238.0,16015.0,1960.0,25810.0,2552.0,59296.0,16370.0,97809.0,30698.0,26892.0,4431.0,52778.0,13174.0,6117.0,1113.0,423.0,10552.0,3475.0,371.0,5493.0,93211.0,37837.0,8024231.0,383900.0,2951.0,58445.0,37900.0,959.0,205.0,601.0,2625.0,3558.0,8980.0,19801.0,1282.0,6615.0,16336.0,7861.0,7356.0,5609.0,532.0,1029.0,86145.0,8818.0,939367.0,1348.0,7310.0,2279.0,3956.0,288051.0,336.0,88.0,1586.0,22537.0,5166.0,68143.0,16787.0,20142.0,500220.0,4204904.0
),35979.0,3504.0,3663.0,132.0,9936.0,2210.0,7407.0,6792.0,35353.0,5831.0,16396.0,2293.0,13076.0,14789.0,17553.0,3151.0,9920.0,1694.0,8335.0,5381.0,3622.0,1057.0,24542.0,5759.0,27971.0,3211.0,5450.0,1999.0,20603.0,2081.0,14374.0,5614.0,31048.0,6221.0,1139.0,383.0,7417.0,1229.0,2418.0,370.0,6053.0,388.0,12504.0,1630.0,26617.0,2881.0,6370.0,991.0,18943.0,5011.0,1197.0,1647.0,503.0,59924.0,80705.0,173568.0,77724.0,227888.0,20628.0,97810.0,6141278.0,45114.0,63244.0,6440.0,328.0,1338.0,5293.0,798.0,1988.0,1837.0,12244.0,1135.0,23917.0,4970.0,1568.0,1488.0,836.0,7954.0,16250637.0,2815809.0,1146487.0,34935.0,232.0,58817.0,101603.0,16464.0,57276.0,8734.0,1942.0,7124.0,705433.0,10605.0,18325.0,172204.0,38063.0,5154398.0,8972101.0
+,14429.0,1633.0,5670.0,550.0,6520.0,2068.0,2561.0,925.0,21096.0,3512.0,12254.0,1795.0,8805.0,1512.0,7134.0,1723.0,6675.0,1222.0,5601.0,1487.0,2008.0,889.0,189100.0,7815.0,9576.0,1656.0,3579.0,1115.0,9743.0,1642.0,19738.0,3462.0,18266.0,2963.0,1133.0,1143.0,21672.0,446.0,9697.0,460.0,8555.0,741.0,7817.0,2148.0,11394.0,1778.0,3094.0,576.0,3965.0,978.0,1708.0,761.0,259.0,54.0,688.0,144.0,9327.0,20264.0,378215.0,766.0,309075.0,938895.0,31419.0,95.0,1088.0,27.0,906.0,3182.0,3638.0,12763.0,97555.0,2426.0,33504.0,23725.0,6539.0,2933.0,3248.0,73.0,126204.0,14673.0,5922.0,7387.0,104.0,5063.0,1130.0,252.0,217.0,166.0,47.0,436.0,21168.0,4741.0,13213.0,17815.0,544.0,74192.0,1273239.0
],2904.0,117.0,13.0,6.0,89.0,68.0,86.0,46.0,167.0,156.0,68.0,62.0,137.0,92.0,175.0,71.0,112.0,33.0,231.0,112.0,358.0,63.0,226.0,233.0,242.0,132.0,126.0,47.0,133.0,104.0,75.0,32.0,191.0,145.0,34.0,29.0,5.0,58.0,54.0,35.0,210.0,9.0,338.0,63.0,162.0,66.0,32.0,36.0,61.0,22.0,26.0,50.0,148.0,1061.0,200119.0,10094.0,9607.0,147102.0,38013.0,41679.0,434012.0,30385.0,202935.0,3130.0,50.0,15.0,467.0,68.0,23.0,38.0,220.0,50.0,4210.0,66.0,96.0,17.0,57.0,2115.0,521527.0,432338.0,601828.0,3889.0,93.0,32149.0,12398.0,5162.0,8139.0,829.0,564.0,770.0,118943.0,5009.0,285.0,49149.0,4164.0,74989.0,1299993.0
!,76065.0,18009.0,1870.0,322.0,60366.0,11432.0,21557.0,12725.0,60881.0,30453.0,47168.0,11368.0,19933.0,9526.0,34691.0,11237.0,27157.0,5474.0,27324.0,12564.0,11551.0,3303.0,79013.0,37289.0,55850.0,12161.0,16226.0,5587.0,44562.0,11978.0,18960.0,5783.0,91417.0,21684.0,3842.0,1804.0,4051.0,1307.0,6499.0,766.0,2056.0,793.0,28510.0,5435.0,69855.0,7950.0,17721.0,3837.0,28204.0,7147.0,1398.0,351.0,149.0,50.0,1304.0,520.0,14.0,50775.0,869643.0,3331.0,2935.0,35.0,247.0,39732.0,235.0,97.0,173.0,128.0,93.0,430.0,1408.0,135.0,1446.0,415.0,71.0,202.0,42.0,140.0,20.0,385.0,208.0,149.0,372.0,12430.0,1831.0,7659.0,108.0,408.0,51.0,94.0,1582.0,2013.0,26264.0,50902.0,479.0,59158.0,95933.0
#,70436.0,816.0,225.0,142.0,4247.0,1556.0,666.0,793.0,2316.0,1415.0,1006.0,951.0,23385.0,1186.0,2175.0,941.0,1364.0,792.0,457741.0,772.0,26433.0,342.0,1781971.0,1750.0,230551.0,1072.0,487.0,252.0,1830.0,2578.0,2996.0,2245.0,4220.0,1550.0,307.0,155.0,136.0,55.0,341.0,338.0,4807.0,576.0,1154.0,524.0,1207.0,622.0,700.0,450.0,2492.0,447.0,131.0,93.0,600.0,55.0,2698.0,292.0,106.0,936.0,712.0,333.0,246.0,1142.0,193.0,231.0,263957.0,10.0,3971.0,946.0,1441.0,3273.0,8398.0,1032.0,10344.0,4700.0,2212.0,1537.0,1841.0,151.0,55.0,367.0,1227.0,602.0,173.0,1249.0,456.0,540.0,339.0,93.0,143.0,324.0,859.0,8708.0,5691.0,7854.0,3776.0,6949.0,162425.0
~,951.0,5833.0,90.0,188.0,920.0,3764.0,481.0,3456.0,2131.0,12500.0,672.0,5784.0,725.0,3039.0,839.0,5587.0,490.0,2783.0,713.0,3303.0,843.0,1883.0,867.0,5848.0,788.0,4758.0,324.0,1798.0,790.0,6512.0,887.0,2118.0,1844.0,10999.0,100.0,1234.0,329.0,570.0,708.0,703.0,346.0,790.0,1229.0,4345.0,1432.0,6007.0,461.0,2262.0,545.0,2368.0,58.0,397.0,20.0,9.0,37.0,103.0,3.0,7126.0,312.0,262.0,124.0,32.0,70.0,60.0,42.0,69603.0,182.0,225.0,158.0,543.0,1564.0,71.0,6112.0,390.0,211.0,311.0,131.0,71.0,15.0,117.0,23.0,1421.0,48.0,134.0,32.0,9.0,31.0,1.0,29.0,20.0,1294.0,1169.0,423.0,2992.0,6.0,1357.0,4344.0
%,22718.0,564.0,1295.0,2858.0,20044.0,647.0,6716.0,299.0,13900.0,806.0,6596.0,1545.0,29911.0,609.0,3738.0,980.0,1186.0,930.0,8280.0,1258.0,41528.0,383.0,23312.0,1029.0,194046.0,603.0,1529.0,2974.0,6849.0,1401.0,4088.0,1527.0,322985.0,4859.0,1026.0,140.0,180.0,76.0,556.0,98.0,17061.0,2148.0,3866.0,843.0,5756.0,3422.0,1555.0,149.0,5317.0,263.0,6516.0,390.0,484.0,257.0,36630.0,2875.0,1336.0,814.0,2217.0,1727.0,1981.0,1104.0,404.0,382.0,3059.0,8.0,34047.0,3192.0,4760.0,9853.0,39266.0,2258.0,33918.0,19111.0,6104.0,4721.0,4503.0,57.0,175.0,962.0,83059.0,299.0,215.0,1174.0,828.0,619.0,518.0,133.0,172.0,54.0,3457.0,3122.0,2414.0,20076.0,22.0,3806.0,73754.0
7,2919.0,997.0,253.0,259.0,57156.0,36143.0,631.0,496.0,27447.0,39856.0,796.0,1805.0,560.0,1261.0,29993.0,38232.0,623.0,317.0,31758.0,41114.0,4890.0,5287.0,631.0,412.0,37128.0,37370.0,1557.0,648.0,1134.0,917.0,557.0,621.0,3039.0,1087.0,252.0,265.0,289.0,341.0,343.0,330.0,2068.0,773.0,27358.0,36026.0,1199.0,660.0,545.0,373.0,339.0,701.0,560.0,2177.0,43.0,1121.0,2550.0,639.0,13414.0,13475.0,573.0,8222.0,73849.0,1218.0,30561.0,79.0,87.0,16.0,329.0,193660.0,203816.0,195871.0,183732.0,182075.0,245009.0,229625.0,189834.0,198473.0,202413.0,106.0,35161.0,463764.0,76508.0,7685.0,159.0,8656.0,25369.0,558.0,4395.0,46.0,31.0,147.0,21140.0,2241.0,26259.0,15150.0,358.0,22802.0,143927.0
5,2337.0,2118.0,301.0,325.0,100480.0,38788.0,1666.0,2282.0,31620.0,39606.0,1471.0,3369.0,1079.0,1478.0,33041.0,39273.0,514.0,1105.0,32540.0,37200.0,6482.0,4899.0,873.0,1258.0,32322.0,56454.0,1790.0,1574.0,4607.0,2878.0,3030.0,461.0,7914.0,3177.0,299.0,382.0,439.0,339.0,595.0,996.0,3421.0,456.0,31927.0,56949.0,1736.0,1679.0,710.0,634.0,845.0,1908.0,388.0,498.0,23.0,1299.0,4249.0,786.0,20686.0,22373.0,1082.0,17364.0,161998.0,2224.0,51128.0,236.0,170.0,48.0,2338.0,190167.0,316608.0,208269.0,245223.0,195025.0,379205.0,225485.0,215300.0,397319.0,200667.0,76.0,69006.0,645622.0,128212.0,8515.0,152.0,19608.0,35455.0,955.0,7216.0,140.0,127.0,330.0,25967.0,2926.0,51126.0,27373.0,465.0,27360.0,205858.0
3,3034.0,7617.0,480.0,778.0,87778.0,49996.0,1226.0,3213.0,33887.0,67980.0,4044.0,4635.0,2875.0,4166.0,48806.0,39564.0,866.0,2217.0,33921.0,55037.0,8389.0,12728.0,3859.0,2796.0,84877.0,172416.0,2930.0,1456.0,1847.0,4503.0,1284.0,1455.0,6058.0,8571.0,642.0,708.0,423.0,1499.0,506.0,709.0,13899.0,1306.0,32524.0,37696.0,1484.0,4040.0,746.0,1278.0,1530.0,3608.0,448.0,511.0,235.0,8521.0,11891.0,3101.0,28570.0,68636.0,2772.0,15952.0,240549.0,4744.0,137263.0,188.0,166.0,44.0,905.0,226116.0,231893.0,270089.0,288389.0,210865.0,372224.0,1582616.0,260744.0,238420.0,228569.0,114.0,92853.0,675842.0,165423.0,13027.0,331.0,14410.0,61179.0,5882.0,24434.0,144.0,269.0,600.0,36825.0,3713.0,92024.0,52747.0,1250.0,49280.0,321085.0
1,7725.0,6381.0,1686.0,783.0,78672.0,57463.0,1205.0,2919.0,49650.0,52151.0,2034.0,10001.0,2991.0,13782.0,38915.0,45318.0,1811.0,2686.0,65573.0,47085.0,22133.0,27146.0,4526.0,4940.0,61363.0,59577.0,3752.0,2413.0,3816.0,13693.0,1788.0,4899.0,9808.0,18111.0,3934.0,9794.0,588.0,648.0,1324.0,1531.0,10139.0,2275.0,42775.0,45390.0,3910.0,4842.0,1568.0,1382.0,1815.0,5086.0,886.0,7203.0,602.0,4090.0,37284.0,5707.0,70547.0,111725.0,12305.0,20569.0,962048.0,12968.0,427112.0,676.0,397.0,128.0,3413.0,348636.0,423584.0,416733.0,670398.0,366290.0,1137326.0,738427.0,408298.0,823744.0,365769.0,1175.0,475239.0,1658350.0,616084.0,43459.0,497.0,23356.0,105547.0,22739.0,51917.0,928.0,581.0,2954.0,102346.0,12195.0,295837.0,114529.0,1750.0,85798.0,794200.0
9,1189.0,1507.0,1343.0,174.0,50386.0,34145.0,458.0,390.0,27023.0,47009.0,406.0,1689.0,466.0,1245.0,31020.0,37376.0,552.0,383.0,32424.0,31849.0,4270.0,2288.0,420.0,547.0,25945.0,37151.0,1475.0,816.0,807.0,2172.0,491.0,6727.0,1151.0,1918.0,190.0,272.0,461.0,410.0,475.0,860.0,1728.0,587.0,25351.0,32992.0,934.0,928.0,685.0,751.0,1004.0,1021.0,711.0,1416.0,48.0,967.0,2278.0,556.0,9374.0,14672.0,581.0,7296.0,64014.0,1273.0,28277.0,99.0,112.0,17.0,524.0,190036.0,219310.0,171005.0,172844.0,325687.0,231916.0,199416.0,180782.0,208206.0,189529.0,14.0,30506.0,436718.0,68642.0,5616.0,247.0,15658.0,22532.0,623.0,4589.0,948.0,56.0,142.0,28551.0,5347.0,35166.0,17487.0,324.0,19857.0,136257.0
0,8436.0,11395.0,876.0,2276.0,302839.0,57864.0,1662.0,2923.0,43378.0,57427.0,1957.0,5414.0,3841.0,10138.0,49856.0,52263.0,675.0,2186.0,49664.0,43358.0,32016.0,27330.0,2592.0,2443.0,46849.0,53075.0,12444.0,2272.0,4328.0,7044.0,5702.0,2037.0,10471.0,5280.0,311.0,9581.0,486.0,434.0,1815.0,2990.0,4500662.0,36748.0,46873.0,46379.0,9184.0,4438.0,1023.0,991.0,1001.0,2922.0,748.0,1030.0,237.0,3116.0,13322.0,4470.0,113223.0,70066.0,9707.0,30273.0,1462426.0,8426.0,593706.0,800.0,696.0,298.0,6361.0,252741.0,270169.0,321556.0,736134.0,268372.0,3917811.0,451164.0,312779.0,245904.0,275780.0,1262.0,1322302.0,2885191.0,1136342.0,27603.0,819.0,49090.0,74600.0,5936.0,30426.0,1723.0,2298.0,3059.0,66910.0,45194.0,153067.0,151453.0,2609.0,152448.0,1017762.0
2,18896.0,22456.0,1234.0,2100.0,105900.0,89920.0,2142.0,10606.0,139158.0,221715.0,7730.0,16150.0,13117.0,15068.0,40430.0,58992.0,3854.0,6227.0,55478.0,46230.0,15346.0,18837.0,15596.0,11573.0,103903.0,140103.0,5981.0,8090.0,6958.0,18832.0,7289.0,7545.0,18089.0,29674.0,1620.0,2365.0,645.0,1493.0,2133.0,8149.0,36119.0,7302.0,42916.0,64769.0,14594.0,13086.0,2285.0,5533.0,15464.0,14222.0,1165.0,994.0,656.0,13388.0,61185.0,4010.0,39859.0,233262.0,8247.0,83648.0,575776.0,10644.0,244581.0,689.0,453.0,64.0,1391.0,293743.0,604327.0,376176.0,363769.0,271606.0,830266.0,376316.0,371680.0,263702.0,366319.0,581.0,207831.0,1035429.0,401514.0,31980.0,597.0,23597.0,119156.0,13340.0,65045.0,445.0,6617.0,1670.0,92111.0,6580.0,761890.0,81200.0,5068.0,78280.0,788451.0
4,3406.0,6777.0,444.0,607.0,66042.0,221901.0,631.0,4609.0,37390.0,53228.0,3262.0,7589.0,3905.0,13203.0,31788.0,48401.0,1140.0,3483.0,37770.0,41301.0,9341.0,10792.0,6359.0,10620.0,37158.0,41739.0,5010.0,3681.0,3020.0,12350.0,1689.0,3137.0,12025.0,12565.0,945.0,1034.0,3210.0,1448.0,1658.0,3186.0,26595.0,4403.0,37540.0,49096.0,3472.0,6808.0,1381.0,2431.0,7973.0,5313.0,268.0,1016.0,88.0,6704.0,10220.0,1770.0,24310.0,100367.0,2180.0,24312.0,237949.0,4187.0,91283.0,233.0,251.0,35.0,449.0,209182.0,246079.0,208374.0,225929.0,209623.0,347217.0,266174.0,234476.0,210448.0,303745.0,218.0,101785.0,694348.0,154761.0,12670.0,283.0,18505.0,82199.0,4398.0,40322.0,257.0,83.0,757.0,46516.0,3524.0,439572.0,39526.0,1524.0,73661.0,384689.0
6,2575.0,2810.0,348.0,283.0,58101.0,40972.0,2084.0,3876.0,36390.0,44514.0,2856.0,4055.0,2987.0,2416.0,29195.0,44785.0,1783.0,1822.0,36958.0,47092.0,7667.0,7428.0,4978.0,4131.0,32248.0,37809.0,4493.0,2583.0,1655.0,6949.0,582.0,1162.0,7216.0,11163.0,235.0,626.0,323.0,527.0,4318.0,1354.0,13046.0,1950.0,35879.0,39970.0,3435.0,3304.0,900.0,842.0,8774.0,2218.0,353.0,812.0,44.0,11544.0,6752.0,791.0,16227.0,74754.0,894.0,17090.0,145046.0,2724.0,51150.0,101.0,158.0,26.0,360.0,220234.0,234477.0,208064.0,199669.0,187260.0,300090.0,196230.0,977433.0,218819.0,207646.0,93.0,64999.0,545456.0,100939.0,8862.0,265.0,7505.0,61020.0,1547.0,26099.0,92.0,179.0,495.0,32283.0,2523.0,205291.0,27330.0,935.0,27448.0,255570.0
8,3200.0,7219.0,377.0,484.0,48963.0,36038.0,3806.0,8783.0,29214.0,43315.0,1746.0,10681.0,1400.0,2447.0,30288.0,39749.0,1096.0,1488.0,33851.0,38127.0,9686.0,11306.0,10373.0,3043.0,32130.0,36189.0,14249.0,2263.0,3288.0,8623.0,3248.0,2452.0,5997.0,9886.0,445.0,1899.0,453.0,454.0,1683.0,1721.0,18408.0,6188.0,32356.0,49983.0,765.0,2126.0,731.0,1537.0,2014.0,4587.0,372.0,570.0,15.0,1942.0,4970.0,687.0,14031.0,77219.0,778.0,37257.0,134644.0,2508.0,38168.0,129.0,186.0,21.0,393.0,174974.0,192190.0,176912.0,196208.0,184804.0,421826.0,199135.0,186658.0,223040.0,217616.0,186.0,64169.0,643157.0,89985.0,8427.0,250.0,7206.0,98086.0,1475.0,22967.0,234.0,49.0,1284.0,30470.0,2689.0,263676.0,34285.0,802.0,50130.0,216953.0
`,2060.0,848.0,301.0,120.0,3877.0,732.0,1416.0,375.0,3254.0,1032.0,2506.0,1668.0,2104.0,524.0,2732.0,2335.0,2278.0,456.0,2437.0,548.0,1126.0,462.0,4865.0,898.0,2363.0,726.0,553.0,215.0,4298.0,1490.0,3743.0,535.0,7208.0,1385.0,193.0,109.0,499.0,67.0,1139.0,102.0,595.0,98.0,2443.0,334.0,2702.0,643.0,756.0,255.0,1820.0,324.0,123.0,108.0,229.0,126.0,1728.0,980.0,124.0,750.0,157.0,450.0,2856.0,155.0,273.0,189.0,269.0,160.0,1308.0,29.0,365.0,313.0,10528.0,49.0,915.0,6857.0,223.0,66.0,143.0,8306.0,458.0,6607.0,12517.0,363.0,411.0,635.0,816.0,385.0,100.0,111.0,17.0,374.0,1961.0,851.0,571.0,3625.0,6.0,9171.0,46344.0
;,2036.0,505.0,672.0,105.0,1476.0,402.0,707.0,282.0,3373.0,1515.0,1964.0,243.0,719.0,1014.0,1318.0,879.0,413.0,117.0,915.0,744.0,430.0,99.0,39241.0,742.0,1183.0,2288.0,346.0,208.0,1301.0,377.0,1436.0,252.0,3238.0,515.0,587.0,72.0,7645.0,124.0,2756.0,84.0,1396.0,125.0,1853.0,2352.0,1517.0,177.0,505.0,1129.0,821.0,52.0,196.0,120.0,279.0,528.0,1257.0,527.0,35398.0,13175.0,156.0,3493.0,17408.0,6010.0,192.0,195.0,379.0,34.0,659.0,88.0,228.0,698.0,940.0,121.0,6940.0,290.0,154.0,43.0,49.0,270.0,16830.0,768.0,1249.0,13864.0,97.0,45309.0,581.0,549.0,123.0,913.0,58.0,62.0,824.0,4386.0,463.0,71840.0,51689.0,26898001.0,2341722.0
",",25756.0,7175.0,13450.0,2069.0,23546.0,6026.0,9711.0,4217.0,37404.0,13536.0,19112.0,40644.0,13026.0,7243.0,22191.0,7249.0,9955.0,3689.0,14018.0,4690.0,21183.0,6617.0,43395.0,6792.0,22435.0,6676.0,7987.0,3973.0,34065.0,16126.0,24120.0,15811.0,38996.0,24365.0,3596.0,4419.0,13246.0,1375.0,9270.0,2138.0,12217.0,2142.0,26061.0,7564.0,22204.0,10496.0,6387.0,2496.0,18843.0,4687.0,4480.0,2238.0,552.0,26382.0,2530.0,18028.0,1746.0,22205.0,275.0,4434.0,939.0,1976.0,1264.0,464.0,760.0,187.0,16108.0,57263.0,72036.0,119346.0,467407.0,57371.0,1951439.0,311862.0,100019.0,64113.0,57546.0,163.0,832.0,3656.0,13685.0,2862.0,139.0,29183.0,2347.0,824.0,86.0,1762.0,486.0,637.0,84351.0,28922.0,16979.0,171718.0,59463.0,4154068.0,25038357.0
.,864655.0,93168.0,172250.0,9112.0,517186.0,83916.0,999606.0,388793.0,943417.0,202434.0,443783.0,119137.0,264977.0,58045.0,547673.0,184678.0,266253.0,53579.0,661401.0,71058.0,103610.0,38584.0,609234.0,264456.0,406033.0,99587.0,1476908.0,83296.0,435828.0,199964.0,334623.0,79418.0,1452591.0,275102.0,31430.0,8325.0,27816.0,5075.0,46380.0,14582.0,168300.0,26356.0,429592.0,70271.0,474068.0,99737.0,169073.0,89084.0,298519.0,58728.0,49429.0,8265.0,766.0,36.0,3633.0,1308.0,5558.0,3063.0,224.0,82143.0,63743.0,10405.0,6357.0,201.0,992.0,960.0,8977.0,88147.0,184795.0,126270.0,232045.0,106002.0,1017213.0,172961.0,120386.0,92736.0,93854.0,416.0,7734.0,169011.0,614007.0,94116.0,419.0,90019.0,1525.0,5617.0,15148.0,786.0,112.0,1530.0,1575.0,11715.0,67752.0,236153.0,946.0,2110058.0,875279.0
/,140384.0,36013.0,4124.0,2198.0,97330.0,24459.0,101341.0,26168.0,300234.0,73363.0,82863.0,30765.0,151357.0,57380.0,92672.0,50059.0,82655.0,22274.0,71610.0,27705.0,117722.0,19331.0,155427.0,49341.0,113699.0,40026.0,46988.0,11552.0,177473.0,44031.0,53025.0,25945.0,240303.0,88663.0,13378.0,5841.0,16750.0,5699.0,15112.0,5287.0,19192.0,8778.0,142827.0,23978.0,124793.0,40405.0,101757.0,13458.0,45034.0,13330.0,6376.0,3084.0,1111.0,446.0,3418.0,11485.0,7170.0,15351.0,65527.0,958280.0,26688.0,2561.0,677.0,63101.0,14372.0,1289.0,7932.0,2800.0,4725.0,12140.0,46969.0,3568.0,23068.0,54272.0,12744.0,5572.0,5890.0,392.0,2123.0,52806.0,49549.0,12205238.0,6116.0,6382.0,8085.0,25025.0,12333.0,1044.0,145.0,1660.0,121346.0,10579.0,16871.0,41220.0,61684.0,1182251.0,6566431.0
@,105345.0,604.0,314.0,345.0,11877.0,364.0,5645.0,459.0,18975.0,1245.0,48723.0,400.0,10868.0,1745.0,17821.0,513.0,2214.0,146.0,7181.0,208.0,1550.0,158.0,5411.0,255.0,7691.0,439.0,1510.0,723.0,19108.0,843.0,9179.0,180.0,19921.0,1442.0,221.0,497.0,921.0,34.0,783.0,90.0,202.0,269.0,41145.0,209.0,2295.0,193.0,1661.0,71.0,1435.0,184.0,93.0,458.0,175.0,151.0,3492.0,5466.0,3859.0,457.0,21.0,352.0,353.0,2139.0,1833.0,99.0,283.0,18.0,938.0,547.0,782.0,737.0,1238.0,40.0,411.0,1445.0,585.0,249.0,504.0,39.0,286.0,410.0,4906.0,105.0,30514.0,408.0,335.0,140.0,238.0,152.0,42.0,51.0,741.0,1860.0,7206.0,3037.0,114.0,597.0,7279.0
\,36007.0,1441.0,48.0,115.0,21098.0,889.0,1549.0,754.0,13703.0,2299.0,53087.0,1316.0,6185.0,674.0,12856.0,1462.0,2295.0,283.0,7435.0,867.0,14947.0,1933.0,5758.0,781.0,6628.0,1963.0,1999.0,1573.0,82698.0,1996.0,1009594.0,282.0,12518.0,2118.0,250.0,113.0,68.0,71.0,135.0,63.0,169773.0,117.0,34263.0,1006.0,3689.0,1480.0,1438.0,1277.0,3079.0,445.0,731.0,62.0,212.0,44.0,567.0,620.0,606.0,1057.0,39.0,1884.0,1005.0,177.0,585.0,87.0,236.0,360.0,737.0,422.0,131.0,2079.0,1466.0,283.0,60440.0,2380.0,336.0,168.0,57.0,36.0,153.0,495.0,2681.0,2383.0,141.0,94587.0,334.0,789.0,577.0,637.0,105.0,798.0,731.0,12026.0,2811.0,460028.0,17.0,235994.0,6675.0
:,315462.0,355875.0,5874.0,25117.0,235156.0,274193.0,386597.0,330124.0,526679.0,562773.0,223373.0,332707.0,114440.0,184026.0,254776.0,334401.0,187355.0,226393.0,293886.0,261887.0,201243.0,146955.0,429427.0,438309.0,192123.0,291919.0,82893.0,111234.0,323435.0,388268.0,169068.0,221032.0,1248976.0,632226.0,14490.0,26393.0,21917.0,25672.0,290917.0,47451.0,16448.0,29047.0,125403.0,194408.0,574289.0,294106.0,69580.0,116148.0,500760.0,218696.0,8374.0,20865.0,3596.0,119.0,7433.0,7329.0,160.0,3590.0,7364.0,12026.0,1710.0,686.0,2200.0,2272.0,1414.0,55816.0,85536.0,4449.0,10682.0,14398.0,44613.0,3980.0,32957.0,18719.0,13935.0,5509.0,9504.0,986.0,6895.0,1229.0,6383.0,138223.0,1663.0,72035.0,12982015.0,5501.0,138.0,600.0,192.0,284.0,2417.0,8554.0,62299.0,65549.0,16864.0,1282374.0,2365180.0
<,54986.0,72739.0,15205.0,2053.0,123723.0,61666.0,31447.0,40651.0,287268.0,174854.0,32917.0,68647.0,47533.0,41624.0,74118.0,93079.0,33722.0,51106.0,52004.0,54453.0,206927.0,39258.0,317384.0,101470.0,126577.0,75543.0,17874.0,23276.0,194469.0,234363.0,61922.0,47423.0,414457.0,150735.0,12629.0,56518.0,9624.0,17935.0,9123.0,17450.0,6390.0,7695.0,147271.0,50076.0,69488.0,63295.0,19567.0,18730.0,113539.0,65116.0,4116.0,1862.0,476.0,743.0,278.0,605.0,4.0,15299.0,171020.0,587.0,318.0,83.0,26.0,3167.0,839.0,33.0,2445.0,1234.0,3266.0,14223.0,34996.0,1090.0,23216.0,17374.0,8189.0,3516.0,5232.0,147.0,56.0,429.0,819.0,64674.0,214.0,613.0,13131.0,2005695.0,50059.0,1361.0,22.0,117.0,8682.0,5059.0,16140.0,41994.0,489.0,56765.0,2506920.0
>,287609.0,73813.0,14651.0,1598.0,176140.0,50730.0,803527.0,429568.0,310071.0,109747.0,199036.0,94639.0,140571.0,32232.0,260918.0,126213.0,103744.0,35721.0,133867.0,43459.0,58285.0,25699.0,334716.0,150123.0,192723.0,70516.0,122098.0,29728.0,203023.0,72465.0,244212.0,51151.0,767362.0,246803.0,15897.0,5238.0,7840.0,1377.0,25116.0,3876.0,16488.0,2330.0,133115.0,29511.0,329371.0,31426.0,78548.0,32062.0,125463.0,23327.0,15367.0,1418.0,483.0,159779.0,2153.0,29709.0,1543.0,1233018.0,215772.0,44917.0,27367.0,181.0,2535.0,257.0,356.0,1124.0,2470.0,263.0,1071.0,1871.0,7798.0,708.0,9420.0,3397.0,1622.0,804.0,1534.0,1655.0,48778.0,72473.0,11810.0,2963.0,339.0,28732.0,281521.0,21709.0,275586.0,290.0,1255.0,707.0,1255.0,4907.0,59767.0,61730.0,5541.0,877953.0,1898325.0
?,583.0,149.0,61.0,112.0,566.0,68.0,231.0,100.0,437.0,212.0,398.0,136.0,308.0,205.0,1414.0,232.0,406.0,65.0,272.0,34.0,172.0,78.0,1191.0,153.0,351.0,194.0,186.0,32.0,959.0,114.0,330.0,80.0,509.0,177.0,446.0,82.0,60.0,12.0,99.0,44.0,1562.0,68.0,475.0,77.0,505.0,91.0,125.0,58.0,405.0,45.0,19.0,48.0,299.0,107.0,523.0,40.0,285.0,1187.0,390.0,244.0,3805.0,111.0,629.0,1209.0,178.0,9.0,210.0,79.0,60.0,174.0,1247.0,38.0,790.0,367.0,112.0,71.0,108.0,127.0,1175.0,3692.0,1217.0,286.0,245.0,2378.0,1106.0,205.0,892.0,15528.0,38.0,94.0,487.0,2858.0,589.0,15814.0,120.0,45195.0,294175.0
^,234.0,42.0,144.0,53.0,192.0,116.0,173.0,62.0,361.0,236.0,253.0,183.0,128.0,36.0,441.0,121.0,230.0,79.0,1341.0,32.0,66.0,35.0,358.0,31.0,279.0,102.0,57.0,230.0,373.0,1242.0,924.0,229.0,204.0,131.0,150.0,35.0,123.0,25.0,316.0,97.0,314.0,62.0,686.0,90.0,366.0,65.0,53.0,56.0,80.0,44.0,70.0,67.0,96.0,158.0,482.0,2708.0,521.0,2689.0,7661.0,211.0,1077.0,135.0,80.0,29.0,184.0,66.0,146.0,191.0,371.0,2110.0,1616.0,180.0,362.0,6286.0,585.0,800.0,183.0,58.0,117.0,2227.0,170.0,202.0,1730.0,978.0,172.0,87.0,1430.0,30.0,4009.0,52.0,2073.0,1221.0,252.0,950.0,21.0,1466.0,25171.0
|,2204.0,1766.0,220.0,95.0,4852.0,2342.0,510.0,518.0,3188.0,1209.0,2496.0,2782.0,1084.0,474.0,2430.0,2885.0,1414.0,843.0,1626.0,566.0,1458.0,357.0,2665.0,1050.0,2338.0,1192.0,744.0,366.0,8259.0,806.0,1767.0,702.0,3275.0,2380.0,127.0,1126.0,229.0,140.0,1121.0,651.0,635.0,310.0,1443.0,985.0,2381.0,1917.0,2058.0,494.0,1211.0,840.0,282.0,88.0,56.0,29.0,425.0,112.0,257.0,4700.0,69775.0,1046.0,1141.0,297.0,131.0,492.0,774.0,50.0,662.0,148.0,246.0,391.0,1533.0,65.0,2310.0,585.0,252.0,265.0,91.0,490.0,72.0,1696.0,5330.0,931.0,55.0,3859.0,353.0,577.0,127.0,28.0,196.0,576691.0,6106.0,2887.0,5463.0,5193.0,425.0,147327.0,712858.0
-,91698.0,6297.0,4745.0,762.0,66191.0,6648.0,20790.0,4111.0,129157.0,16412.0,62338.0,9329.0,75680.0,16848.0,61859.0,9268.0,66217.0,5347.0,62541.0,8323.0,29150.0,2763.0,70116.0,19351.0,69475.0,14336.0,31070.0,2907.0,88194.0,7731.0,39447.0,81056.0,134935.0,12290.0,6566.0,873.0,4157.0,1014.0,9643.0,1180.0,10109.0,6256.0,77347.0,6419.0,65703.0,7470.0,28168.0,17411.0,37970.0,8385.0,13720.0,1820.0,346.0,183.0,989.0,550.0,128.0,15935.0,81364.0,21705.0,13724.0,17729.0,2135.0,246.0,1447.0,1360.0,9730.0,15800.0,28990.0,53898.0,670188.0,26324.0,195635.0,168272.0,39509.0,25446.0,25296.0,280.0,23326.0,1802.0,2546.0,6194.0,173.0,5682.0,619.0,716.0,6996081.0,1155.0,179.0,3609.0,15559630.0,11806.0,2835.0,16513.0,550.0,186302.0,923864.0
',8426.0,3620.0,2284.0,1841.0,12455.0,4462.0,4403.0,2585.0,17332.0,8261.0,47111.0,4221.0,21976.0,3939.0,20004.0,15197.0,7391.0,3079.0,10147.0,4868.0,6310.0,2461.0,13134.0,6216.0,15263.0,5305.0,4692.0,2816.0,242259.0,6984.0,9935.0,5463.0,167084.0,6674.0,2211.0,1491.0,1331.0,1115.0,2395.0,1409.0,4873.0,3243.0,11219.0,5531.0,9469.0,3954.0,4971.0,2486.0,16364.0,2888.0,3162.0,3395.0,2505.0,1805.0,4673.0,5108.0,13026.0,6077.0,8116.0,4666.0,135268.0,4564.0,10361.0,2355.0,9479.0,1188.0,27659.0,1789.0,2001.0,2375.0,8412.0,4942.0,21040.0,4644.0,2388.0,1880.0,1977.0,668.0,58175.0,120648.0,28603.0,13028.0,1998.0,72082.0,74054.0,5435.0,7550.0,3135.0,1370.0,2071.0,12211.0,12869.0,7260.0,54105.0,46.0,21732.0,226678.0
_,2570982.0,872708.0,93543.0,26165.0,1361067.0,895343.0,484496.0,328353.0,2918605.0,1300581.0,1388684.0,652771.0,1122777.0,524035.0,1380871.0,907816.0,1118537.0,511651.0,1090928.0,1207138.0,600219.0,350438.0,2286718.0,877674.0,1507508.0,767000.0,605398.0,336955.0,4462550.0,1156394.0,1143423.0,677964.0,3423185.0,1292981.0,118418.0,47329.0,82789.0,36419.0,248076.0,118781.0,114161.0,68355.0,1589038.0,517433.0,1553525.0,669723.0,523561.0,270800.0,940541.0,390213.0,58312.0,37504.0,2444.0,977.0,125696.0,12677.0,6220.0,242634.0,5330.0,4049.0,367478.0,6904.0,9438.0,128.0,6487.0,27.0,6415.0,40012.0,75772.0,156794.0,433942.0,28197.0,245102.0,268370.0,101266.0,70221.0,65122.0,1020.0,183394.0,269523.0,463517.0,5534.0,106.0,1444.0,14876.0,18560.0,3376.0,356.0,96.0,9248.0,304981.0,5277.0,2164990.0,26585.0,279.0,54952.0,555738.0
"""",172059.0,115640.0,18450.0,14205.0,170252.0,114033.0,136060.0,67555.0,311994.0,268962.0,153085.0,102632.0,153495.0,91803.0,230831.0,169690.0,94396.0,66528.0,119592.0,129666.0,106451.0,92528.0,179937.0,133173.0,154083.0,104712.0,100773.0,42270.0,252152.0,155176.0,136480.0,86841.0,338072.0,223798.0,16505.0,17613.0,25069.0,11360.0,38422.0,14078.0,36839.0,15971.0,190009.0,68510.0,196999.0,99432.0,77857.0,58190.0,118528.0,56656.0,12956.0,7837.0,13537.0,13502.0,53102.0,35057.0,144370.0,68861.0,13223.0,18034.0,2205623.0,20547.0,133459.0,4962.0,28530.0,5029.0,132008.0,5101.0,9682.0,17063.0,89195.0,5272.0,89084.0,37541.0,18289.0,7701.0,6634.0,4197.0,604186.0,2396573.0,122959.0,121568.0,8764.0,281774.0,166151.0,84319.0,20047.0,5957.0,2903.0,8282.0,141440.0,39317.0,64192.0,248638.0,9193.0,1609015.0,1562267.0
	,188644.0,72181.0,10949.0,4525.0,250370.0,38240.0,146752.0,43602.0,516352.0,106750.0,512800.0,74361.0,73805.0,45723.0,154935.0,77189.0,55006.0,23330.0,190211.0,47898.0,87153.0,32710.0,957514.0,73155.0,145094.0,57830.0,29391.0,28225.0,169112.0,65129.0,60201.0,39191.0,374105.0,109716.0,8207.0,15010.0,13017.0,7005.0,8725.0,6451.0,16852.0,10424.0,214325.0,40720.0,258402.0,49113.0,63424.0,16373.0,156375.0,56629.0,4770.0,2214.0,944.0,21984.0,6342.0,637282.0,945325.0,53620.0,29835.0,47955.0,16772.0,12652.0,1156.0,1573.0,19068.0,2668.0,3774.0,873.0,1586.0,2794.0,11441.0,584.0,57819.0,5441.0,2334.0,1397.0,1729.0,136.0,4218.0,28984.0,13631.0,631874.0,8810.0,7284.0,18529.0,15766.0,1017.0,1304.0,223.0,23178.0,8320.0,402.0,106731.0,63647.0,10172299.0,127144.0,329626.0
"
",124974.0,40892.0,5842.0,7150.0,26473.0,29292.0,10386.0,23750.0,261990.0,99287.0,16390.0,47171.0,19249.0,35562.0,22795.0,101651.0,12178.0,29116.0,112724.0,32146.0,178345.0,29558.0,199342.0,80918.0,28715.0,51734.0,4238.0,53960.0,181348.0,213328.0,169699.0,23505.0,493322.0,108724.0,1821.0,56291.0,4957.0,14521.0,1373.0,5104.0,1521.0,7646.0,274428.0,52697.0,17195.0,36496.0,7169.0,21288.0,790717.0,31770.0,2797.0,2628.0,1915.0,80.0,2209.0,1335242.0,2618918.0,6088.0,8029.0,175693.0,15827.0,3425.0,244.0,461.0,2511095.0,358.0,6642.0,2653.0,6763.0,10641.0,35276.0,2843.0,65002.0,17761.0,9808.0,2803.0,3210.0,1476.0,3468.0,7337.0,4525.0,2366861.0,12043.0,5122.0,10733.0,2067.0,1571.0,53.0,16.0,2855.0,13163.0,157.0,14051.0,47627.0,8552274.0,14911006.0,46872149.0
 ,5278470.0,1530354.0,486635.0,138163.0,6184555.0,1178400.0,1898136.0,1209949.0,10268524.0,3420487.0,7240069.0,1490924.0,2727291.0,1490423.0,7935481.0,2232408.0,4901323.0,1360659.0,3934208.0,1575593.0,2402320.0,712157.0,12768999.0,2188073.0,4355961.0,1486711.0,1720608.0,664364.0,11696426.0,2600129.0,4633093.0,1418030.0,10333389.0,3057911.0,293895.0,535442.0,527281.0,305998.0,959366.0,234153.0,511057.0,198233.0,4951615.0,1247368.0,4622210.0,1333459.0,3087796.0,737879.0,3089810.0,930484.0,196117.0,126230.0,43756.0,2730533.0,473313.0,7443330.0,5295900.0,7706966.0,12201698.0,4785815.0,1341946.0,1969715.0,49291.0,1167105.0,195829.0,66950.0,603723.0,194726.0,408654.0,749748.0,2830188.0,158454.0,6040843.0,1408221.0,570259.0,312844.0,284463.0,80768.0,105268.0,353159.0,373438.0,5447785.0,318930.0,553049.0,1100060.0,3425051.0,847523.0,286439.0,27472.0,907777.0,1965848.0,532758.0,1561457.0,5670052.0,73025.0,727409.0,316899546.0
